#
# There is insufficient memory for the Java Runtime Environment to continue.
# Native memory allocation (malloc) failed to allocate 32744 bytes. Error detail: Chunk::new
# Possible reasons:
#   The system is out of physical RAM or swap space
#   This process is running with CompressedOops enabled, and the Java Heap may be blocking the growth of the native heap
# Possible solutions:
#   Reduce memory load on the system
#   Increase physical memory or swap space
#   Check if swap backing store is full
#   Decrease Java heap size (-Xmx/-Xms)
#   Decrease number of Java threads
#   Decrease Java thread stack sizes (-Xss)
#   Set larger code cache with -XX:ReservedCodeCacheSize=
#   JVM is running with Unscaled Compressed Oops mode in which the Java heap is
#     placed in the first 4GB address space. The Java Heap base address is the
#     maximum limit for the native heap growth. Please use -XX:HeapBaseMinAddress
#     to set the Java Heap base and to place the Java Heap above 4GB virtual address.
# This output file may be truncated or incomplete.
#
#  Out of Memory Error (arena.cpp:168), pid=3012, tid=13268
#
# JRE version: OpenJDK Runtime Environment (21.0.5) (build 21.0.5+-12932927-b750.29)
# Java VM: OpenJDK 64-Bit Server VM (21.0.5+-12932927-b750.29, mixed mode, tiered, compressed oops, compressed class ptrs, g1 gc, windows-amd64)
# No core dump will be written. Minidumps are not enabled by default on client versions of Windows
#

---------------  S U M M A R Y ------------

Command Line: --add-opens=java.base/java.util=ALL-UNNAMED --add-opens=java.base/java.lang=ALL-UNNAMED --add-opens=java.base/java.lang.invoke=ALL-UNNAMED --add-opens=java.prefs/java.util.prefs=ALL-UNNAMED --add-exports=jdk.compiler/com.sun.tools.javac.api=ALL-UNNAMED --add-exports=jdk.compiler/com.sun.tools.javac.util=ALL-UNNAMED --add-opens=java.base/java.nio.charset=ALL-UNNAMED --add-opens=java.base/java.net=ALL-UNNAMED --add-opens=java.base/java.util.concurrent.atomic=ALL-UNNAMED -Xmx2048m -Dfile.encoding=UTF-8 -Duser.country=IN -Duser.language=en -Duser.variant -javaagent:C:\Users\ANDROID\.gradle\wrapper\dists\gradle-8.10.2-bin\a04bxjujx95o3nb99gddekhwo\gradle-8.10.2\lib\agents\gradle-instrumentation-agent-8.10.2.jar org.gradle.launcher.daemon.bootstrap.GradleDaemon 8.10.2

Host: Intel(R) Core(TM) i3-10105 CPU @ 3.70GHz, 8 cores, 15G,  Windows 10 , 64 bit Build 19041 (10.0.19041.5438)
Time: Mon Feb 17 18:03:41 2025 India Standard Time elapsed time: 22354.542537 seconds (0d 6h 12m 34s)

---------------  T H R E A D  ---------------

Current thread (0x000002b7380dc760):  JavaThread "C2 CompilerThread0" daemon [_thread_in_native, id=13268, stack(0x000000e856800000,0x000000e856900000) (1024K)]


Current CompileTask:
C2:22354542 86908  s    4       org.gradle.internal.component.external.model.AbstractLazyModuleComponentResolveMetadata::getVariantsForGraphTraversal (29 bytes)

Stack: [0x000000e856800000,0x000000e856900000]
Native frames: (J=compiled Java code, j=interpreted, Vv=VM code, C=native code)
V  [jvm.dll+0x6cfb29]
V  [jvm.dll+0x85ded3]
V  [jvm.dll+0x86042e]
V  [jvm.dll+0x860b13]
V  [jvm.dll+0x27e6b6]
V  [jvm.dll+0xbff6d]
V  [jvm.dll+0xc04a3]
V  [jvm.dll+0x6e10cd]
V  [jvm.dll+0x6df624]
V  [jvm.dll+0x1c90bc]
V  [jvm.dll+0x1c9c6a]
V  [jvm.dll+0x2f1954]
V  [jvm.dll+0x6e9fc6]
V  [jvm.dll+0x6e221b]
V  [jvm.dll+0x6e16c2]
V  [jvm.dll+0x6df88a]
V  [jvm.dll+0x1c90bc]
V  [jvm.dll+0x2f1954]
V  [jvm.dll+0x6e9fc6]
V  [jvm.dll+0x6e221b]
V  [jvm.dll+0x6e16c2]
V  [jvm.dll+0x6df88a]
V  [jvm.dll+0x1c90bc]
V  [jvm.dll+0x2f1954]
V  [jvm.dll+0x6e9fc6]
V  [jvm.dll+0x6e221b]
V  [jvm.dll+0x6e16c2]
V  [jvm.dll+0x6df88a]
V  [jvm.dll+0x1c90bc]
V  [jvm.dll+0x2f1954]
V  [jvm.dll+0x6e9fc6]
V  [jvm.dll+0x6e221b]
V  [jvm.dll+0x6e16c2]
V  [jvm.dll+0x6df88a]
V  [jvm.dll+0x1c90bc]
V  [jvm.dll+0x2f1954]
V  [jvm.dll+0x6e9fc6]
V  [jvm.dll+0x6e221b]
V  [jvm.dll+0x6e16c2]
V  [jvm.dll+0x6df88a]
V  [jvm.dll+0x1c90bc]
V  [jvm.dll+0x1c9c6a]
V  [jvm.dll+0x2f1954]
V  [jvm.dll+0x6e9fc6]
V  [jvm.dll+0x6e221b]
V  [jvm.dll+0x6e16c2]
V  [jvm.dll+0x6df88a]
V  [jvm.dll+0x1c90bc]
V  [jvm.dll+0x1c9c6a]
V  [jvm.dll+0x2f1954]
V  [jvm.dll+0x6e9fc6]
V  [jvm.dll+0x6e221b]
V  [jvm.dll+0x6e16c2]
V  [jvm.dll+0x6df88a]
V  [jvm.dll+0x1c90bc]
V  [jvm.dll+0x1c9c6a]
V  [jvm.dll+0x2f1954]
V  [jvm.dll+0x6e9fc6]
V  [jvm.dll+0x6e221b]
V  [jvm.dll+0x6e16c2]
V  [jvm.dll+0x6df88a]
V  [jvm.dll+0x1c90bc]
V  [jvm.dll+0x2f1954]
V  [jvm.dll+0x6e9fc6]
V  [jvm.dll+0x6e221b]
V  [jvm.dll+0x6e16c2]
V  [jvm.dll+0x6df88a]
V  [jvm.dll+0x1c90bc]
V  [jvm.dll+0x1c9c6a]
V  [jvm.dll+0x1c9c6a]
V  [jvm.dll+0x2f1954]
V  [jvm.dll+0x6e9fc6]
V  [jvm.dll+0x6e221b]
V  [jvm.dll+0x6e16c2]
V  [jvm.dll+0x6df88a]
V  [jvm.dll+0x1c90bc]
V  [jvm.dll+0x2f1954]
V  [jvm.dll+0x6e9fc6]
V  [jvm.dll+0x6e221b]
V  [jvm.dll+0x6e16c2]
V  [jvm.dll+0x6df88a]
V  [jvm.dll+0x1c90bc]
V  [jvm.dll+0x246dcd]
V  [jvm.dll+0x1c5ee4]
V  [jvm.dll+0x25697c]
V  [jvm.dll+0x254ec6]
V  [jvm.dll+0x3f0ce6]
V  [jvm.dll+0x806368]
V  [jvm.dll+0x6ce3fd]
C  [ucrtbase.dll+0x21bb2]
C  [KERNEL32.DLL+0x17374]
C  [ntdll.dll+0x4cc91]


---------------  P R O C E S S  ---------------

Threads class SMR info:
_java_thread_list=0x000002b746dbd0a0, length=123, elements={
0x000002b71c591700, 0x000002b7380d69e0, 0x000002b7380d9700, 0x000002b7380edd20,
0x000002b7380ee770, 0x000002b7380db2c0, 0x000002b7380dbd10, 0x000002b7380dc760,
0x000002b7380dd1f0, 0x000002b738282cd0, 0x000002b7382839f0, 0x000002b738281fb0,
0x000002b738281920, 0x000002b738283360, 0x000002b739e95060, 0x000002b739e91be0,
0x000002b739e92270, 0x000002b739e93cb0, 0x000002b739e94340, 0x000002b739e95d80,
0x000002b73a873d80, 0x000002b73e648e20, 0x000002b73a6329b0, 0x000002b73a630f70,
0x000002b73a6308e0, 0x000002b73dafb0b0, 0x000002b73db061e0, 0x000002b73daff250,
0x000002b7454ac6f0, 0x000002b7454acd80, 0x000002b75074b280, 0x000002b7454aee50,
0x000002b74b345550, 0x000002b746826520, 0x000002b746d4ffe0, 0x000002b746f862a0,
0x000002b75074bfa0, 0x000002b750ea19b0, 0x000002b745eb7f50, 0x000002b746d4f2c0,
0x000002b746f87650, 0x000002b74b7c8510, 0x000002b74b5cb880, 0x000002b746828c80,
0x000002b746829310, 0x000002b74683d590, 0x000002b746d50670, 0x000002b746e98570,
0x000002b751f33060, 0x000002b74b5ca4d0, 0x000002b74683dc20, 0x000002b74f992a10,
0x000002b74f992380, 0x000002b73b9245b0, 0x000002b74567a930, 0x000002b7454ae130,
0x000002b74b345be0, 0x000002b745eb5e80, 0x000002b75074d9e0, 0x000002b746d51390,
0x000002b73b9224e0, 0x000002b7501f6c40, 0x000002b74f0b2ad0, 0x000002b74f0af650,
0x000002b745eb6510, 0x000002b75074a560, 0x000002b746007b80, 0x000002b751f329d0,
0x000002b7461d3b20, 0x000002b73dc04890, 0x000002b74b5c9120, 0x000002b73f2d9930,
0x000002b73f2d8c10, 0x000002b7454ad410, 0x000002b74683ae30, 0x000002b73a8df090,
0x000002b7461d2770, 0x000002b73f2dee80, 0x000002b7501f5200, 0x000002b7501f7960,
0x000002b74f0b1720, 0x000002b7516ff400, 0x000002b7502ed710, 0x000002b74683c870,
0x000002b7516ffa90, 0x000002b7516fed70, 0x000002b751700120, 0x000002b7517007b0,
0x000002b7516fe050, 0x000002b751700e40, 0x000002b7516fe6e0, 0x000002b751f34410,
0x000002b74f0b0370, 0x000002b74fd47330, 0x000002b751206c60, 0x000002b74f993730,
0x000002b750c6b260, 0x000002b73f2d4a70, 0x000002b750c69820, 0x000002b7512065d0,
0x000002b74567d090, 0x000002b73a635e30, 0x000002b73a6364c0, 0x000002b74567ddb0,
0x000002b750157ae0, 0x000002b74f0b1090, 0x000002b74567afc0, 0x000002b74f0b0a00,
0x000002b756d9a430, 0x000002b756d9aac0, 0x000002b7501f72d0, 0x000002b7501f5f20,
0x000002b7501f44e0, 0x000002b7501f65b0, 0x000002b7501f4b70, 0x000002b7461d2e00,
0x000002b7461d0d30, 0x000002b7461d3490, 0x000002b7512072f0, 0x000002b751207980,
0x000002b751204b90, 0x000002b751208010, 0x000002b751205220
}

Java Threads: ( => current thread )
  0x000002b71c591700 JavaThread "main"                              [_thread_blocked, id=13352, stack(0x000000e855a00000,0x000000e855b00000) (1024K)]
  0x000002b7380d69e0 JavaThread "Reference Handler"          daemon [_thread_blocked, id=9260, stack(0x000000e856200000,0x000000e856300000) (1024K)]
  0x000002b7380d9700 JavaThread "Finalizer"                  daemon [_thread_blocked, id=12632, stack(0x000000e856300000,0x000000e856400000) (1024K)]
  0x000002b7380edd20 JavaThread "Signal Dispatcher"          daemon [_thread_blocked, id=6868, stack(0x000000e856400000,0x000000e856500000) (1024K)]
  0x000002b7380ee770 JavaThread "Attach Listener"            daemon [_thread_blocked, id=4472, stack(0x000000e856500000,0x000000e856600000) (1024K)]
  0x000002b7380db2c0 JavaThread "Service Thread"             daemon [_thread_blocked, id=12676, stack(0x000000e856600000,0x000000e856700000) (1024K)]
  0x000002b7380dbd10 JavaThread "Monitor Deflation Thread"   daemon [_thread_blocked, id=1040, stack(0x000000e856700000,0x000000e856800000) (1024K)]
=>0x000002b7380dc760 JavaThread "C2 CompilerThread0"         daemon [_thread_in_native, id=13268, stack(0x000000e856800000,0x000000e856900000) (1024K)]
  0x000002b7380dd1f0 JavaThread "C1 CompilerThread0"         daemon [_thread_blocked, id=1236, stack(0x000000e856900000,0x000000e856a00000) (1024K)]
  0x000002b738282cd0 JavaThread "Common-Cleaner"             daemon [_thread_blocked, id=12624, stack(0x000000e856a00000,0x000000e856b00000) (1024K)]
  0x000002b7382839f0 JavaThread "Notification Thread"        daemon [_thread_blocked, id=11864, stack(0x000000e856b00000,0x000000e856c00000) (1024K)]
  0x000002b738281fb0 JavaThread "Daemon health stats"               [_thread_blocked, id=5820, stack(0x000000e857300000,0x000000e857400000) (1024K)]
  0x000002b738281920 JavaThread "Incoming local TCP Connector on port 53078"        [_thread_in_native, id=8584, stack(0x000000e857400000,0x000000e857500000) (1024K)]
  0x000002b738283360 JavaThread "Daemon periodic checks"            [_thread_blocked, id=9880, stack(0x000000e857500000,0x000000e857600000) (1024K)]
  0x000002b739e95060 JavaThread "Cache worker for journal cache (C:\Users\ANDROID\.gradle\caches\journal-1)"        [_thread_blocked, id=2076, stack(0x000000e857e00000,0x000000e857f00000) (1024K)]
  0x000002b739e91be0 JavaThread "File lock request listener"        [_thread_in_native, id=8256, stack(0x000000e857f00000,0x000000e858000000) (1024K)]
  0x000002b739e92270 JavaThread "Cache worker for file hash cache (C:\Users\ANDROID\.gradle\caches\8.10.2\fileHashes)"        [_thread_blocked, id=11836, stack(0x000000e858000000,0x000000e858100000) (1024K)]
  0x000002b739e93cb0 JavaThread "File watcher server"        daemon [_thread_in_native, id=1436, stack(0x000000e858400000,0x000000e858500000) (1024K)]
  0x000002b739e94340 JavaThread "File watcher consumer"      daemon [_thread_blocked, id=14112, stack(0x000000e858500000,0x000000e858600000) (1024K)]
  0x000002b739e95d80 JavaThread "Cache worker for file content cache (C:\Users\ANDROID\.gradle\caches\8.10.2\fileContent)"        [_thread_blocked, id=13900, stack(0x000000e858600000,0x000000e858700000) (1024K)]
  0x000002b73a873d80 JavaThread "Memory manager"                    [_thread_blocked, id=4544, stack(0x000000e85a000000,0x000000e85a100000) (1024K)]
  0x000002b73e648e20 JavaThread "pool-3-thread-1"                   [_thread_blocked, id=13436, stack(0x000000e85a300000,0x000000e85a400000) (1024K)]
  0x000002b73a6329b0 JavaThread "RMI Scheduler(0)"           daemon [_thread_blocked, id=1316, stack(0x000000e859f00000,0x000000e85a000000) (1024K)]
  0x000002b73a630f70 JavaThread "RMI TCP Accept-0"           daemon [_thread_in_native, id=12116, stack(0x000000e85eb00000,0x000000e85ec00000) (1024K)]
  0x000002b73a6308e0 JavaThread "Cache worker for Java compile cache (C:\Users\ANDROID\.gradle\caches\8.10.2\javaCompile)"        [_thread_blocked, id=2160, stack(0x000000e85f000000,0x000000e85f100000) (1024K)]
  0x000002b73dafb0b0 JavaThread "pool-7-thread-1"                   [_thread_blocked, id=7828, stack(0x000000e859a00000,0x000000e859b00000) (1024K)]
  0x000002b73db061e0 JavaThread "pool-11-thread-1"                  [_thread_blocked, id=12740, stack(0x000000e859700000,0x000000e859800000) (1024K)]
  0x000002b73daff250 JavaThread "pool-14-thread-1"                  [_thread_blocked, id=5384, stack(0x000000e859900000,0x000000e859a00000) (1024K)]
  0x000002b7454ac6f0 JavaThread "pool-18-thread-1"                  [_thread_blocked, id=13432, stack(0x000000e859b00000,0x000000e859c00000) (1024K)]
  0x000002b7454acd80 JavaThread "pool-22-thread-1"                  [_thread_blocked, id=10884, stack(0x000000e85a100000,0x000000e85a200000) (1024K)]
  0x000002b75074b280 JavaThread "pool-26-thread-1"                  [_thread_blocked, id=12216, stack(0x000000e859c00000,0x000000e859d00000) (1024K)]
  0x000002b7454aee50 JavaThread "pool-30-thread-1"                  [_thread_blocked, id=13852, stack(0x000000e859800000,0x000000e859900000) (1024K)]
  0x000002b74b345550 JavaThread "pool-34-thread-1"                  [_thread_blocked, id=9976, stack(0x000000e85a200000,0x000000e85a300000) (1024K)]
  0x000002b746826520 JavaThread "pool-37-thread-1"                  [_thread_blocked, id=4348, stack(0x000000e85a400000,0x000000e85a500000) (1024K)]
  0x000002b746d4ffe0 JavaThread "pool-42-thread-1"                  [_thread_blocked, id=3152, stack(0x000000e85a700000,0x000000e85a800000) (1024K)]
  0x000002b746f862a0 JavaThread "pool-45-thread-1"                  [_thread_blocked, id=3652, stack(0x000000e859d00000,0x000000e859e00000) (1024K)]
  0x000002b75074bfa0 JavaThread "pool-50-thread-1"                  [_thread_blocked, id=416, stack(0x000000e859e00000,0x000000e859f00000) (1024K)]
  0x000002b750ea19b0 JavaThread "pool-55-thread-1"                  [_thread_blocked, id=14264, stack(0x000000e85a500000,0x000000e85a600000) (1024K)]
  0x000002b745eb7f50 JavaThread "pool-60-thread-1"                  [_thread_blocked, id=10912, stack(0x000000e85a600000,0x000000e85a700000) (1024K)]
  0x000002b746d4f2c0 JavaThread "pool-64-thread-1"                  [_thread_blocked, id=1996, stack(0x000000e85aa00000,0x000000e85ab00000) (1024K)]
  0x000002b746f87650 JavaThread "pool-67-thread-1"                  [_thread_blocked, id=1992, stack(0x000000e85ab00000,0x000000e85ac00000) (1024K)]
  0x000002b74b7c8510 JavaThread "pool-70-thread-1"                  [_thread_blocked, id=13644, stack(0x000000e858300000,0x000000e858400000) (1024K)]
  0x000002b74b5cb880 JavaThread "pool-73-thread-1"                  [_thread_blocked, id=10140, stack(0x000000e85a800000,0x000000e85a900000) (1024K)]
  0x000002b746828c80 JavaThread "pool-78-thread-1"                  [_thread_blocked, id=10564, stack(0x000000e85ac00000,0x000000e85ad00000) (1024K)]
  0x000002b746829310 JavaThread "pool-82-thread-1"                  [_thread_blocked, id=13484, stack(0x000000e85ad00000,0x000000e85ae00000) (1024K)]
  0x000002b74683d590 JavaThread "pool-86-thread-1"                  [_thread_blocked, id=13980, stack(0x000000e85a900000,0x000000e85aa00000) (1024K)]
  0x000002b746d50670 JavaThread "pool-91-thread-1"                  [_thread_blocked, id=660, stack(0x000000e85b100000,0x000000e85b200000) (1024K)]
  0x000002b746e98570 JavaThread "pool-96-thread-1"                  [_thread_blocked, id=8728, stack(0x000000e85af00000,0x000000e85b000000) (1024K)]
  0x000002b751f33060 JavaThread "pool-101-thread-1"                 [_thread_blocked, id=10560, stack(0x000000e85b200000,0x000000e85b300000) (1024K)]
  0x000002b74b5ca4d0 JavaThread "pool-104-thread-1"                 [_thread_blocked, id=8552, stack(0x000000e85ae00000,0x000000e85af00000) (1024K)]
  0x000002b74683dc20 JavaThread "pool-109-thread-1"                 [_thread_blocked, id=1780, stack(0x000000e85b400000,0x000000e85b500000) (1024K)]
  0x000002b74f992a10 JavaThread "pool-114-thread-1"                 [_thread_blocked, id=12284, stack(0x000000e85b300000,0x000000e85b400000) (1024K)]
  0x000002b74f992380 JavaThread "pool-119-thread-1"                 [_thread_blocked, id=12588, stack(0x000000e85b700000,0x000000e85b800000) (1024K)]
  0x000002b73b9245b0 JavaThread "pool-124-thread-1"                 [_thread_blocked, id=12044, stack(0x000000e85b500000,0x000000e85b600000) (1024K)]
  0x000002b74567a930 JavaThread "pool-129-thread-1"                 [_thread_blocked, id=6312, stack(0x000000e85b800000,0x000000e85b900000) (1024K)]
  0x000002b7454ae130 JavaThread "pool-134-thread-1"                 [_thread_blocked, id=8132, stack(0x000000e85bb00000,0x000000e85bc00000) (1024K)]
  0x000002b74b345be0 JavaThread "pool-139-thread-1"                 [_thread_blocked, id=7308, stack(0x000000e85b600000,0x000000e85b700000) (1024K)]
  0x000002b745eb5e80 JavaThread "pool-143-thread-1"                 [_thread_blocked, id=7768, stack(0x000000e85b000000,0x000000e85b100000) (1024K)]
  0x000002b75074d9e0 JavaThread "pool-148-thread-1"                 [_thread_blocked, id=2196, stack(0x000000e85be00000,0x000000e85bf00000) (1024K)]
  0x000002b746d51390 JavaThread "pool-152-thread-1"                 [_thread_blocked, id=10236, stack(0x000000e85bc00000,0x000000e85bd00000) (1024K)]
  0x000002b73b9224e0 JavaThread "pool-156-thread-1"                 [_thread_blocked, id=6316, stack(0x000000e85ba00000,0x000000e85bb00000) (1024K)]
  0x000002b7501f6c40 JavaThread "pool-161-thread-1"                 [_thread_blocked, id=13344, stack(0x000000e85b900000,0x000000e85ba00000) (1024K)]
  0x000002b74f0b2ad0 JavaThread "pool-165-thread-1"                 [_thread_blocked, id=11104, stack(0x000000e85bd00000,0x000000e85be00000) (1024K)]
  0x000002b74f0af650 JavaThread "pool-170-thread-1"                 [_thread_blocked, id=13628, stack(0x000000e85bf00000,0x000000e85c000000) (1024K)]
  0x000002b745eb6510 JavaThread "pool-175-thread-1"                 [_thread_blocked, id=10776, stack(0x000000e85c100000,0x000000e85c200000) (1024K)]
  0x000002b75074a560 JavaThread "pool-179-thread-1"                 [_thread_blocked, id=12172, stack(0x000000e85c200000,0x000000e85c300000) (1024K)]
  0x000002b746007b80 JavaThread "pool-183-thread-1"                 [_thread_blocked, id=13592, stack(0x000000e85c300000,0x000000e85c400000) (1024K)]
  0x000002b751f329d0 JavaThread "pool-187-thread-1"                 [_thread_blocked, id=5700, stack(0x000000e85c000000,0x000000e85c100000) (1024K)]
  0x000002b7461d3b20 JavaThread "pool-191-thread-1"                 [_thread_blocked, id=12244, stack(0x000000e85c400000,0x000000e85c500000) (1024K)]
  0x000002b73dc04890 JavaThread "pool-196-thread-1"                 [_thread_blocked, id=12708, stack(0x000000e85c500000,0x000000e85c600000) (1024K)]
  0x000002b74b5c9120 JavaThread "pool-200-thread-1"                 [_thread_blocked, id=7180, stack(0x000000e85c700000,0x000000e85c800000) (1024K)]
  0x000002b73f2d9930 JavaThread "pool-205-thread-1"                 [_thread_blocked, id=9688, stack(0x000000e85ca00000,0x000000e85cb00000) (1024K)]
  0x000002b73f2d8c10 JavaThread "pool-210-thread-1"                 [_thread_blocked, id=7956, stack(0x000000e85c800000,0x000000e85c900000) (1024K)]
  0x000002b7454ad410 JavaThread "pool-215-thread-1"                 [_thread_blocked, id=13916, stack(0x000000e85cb00000,0x000000e85cc00000) (1024K)]
  0x000002b74683ae30 JavaThread "pool-220-thread-1"                 [_thread_blocked, id=3376, stack(0x000000e85ce00000,0x000000e85cf00000) (1024K)]
  0x000002b73a8df090 JavaThread "pool-225-thread-1"                 [_thread_blocked, id=13320, stack(0x000000e85c900000,0x000000e85ca00000) (1024K)]
  0x000002b7461d2770 JavaThread "pool-230-thread-1"                 [_thread_blocked, id=4332, stack(0x000000e859500000,0x000000e859600000) (1024K)]
  0x000002b73f2dee80 JavaThread "pool-234-thread-1"                 [_thread_blocked, id=2684, stack(0x000000e85d100000,0x000000e85d200000) (1024K)]
  0x000002b7501f5200 JavaThread "RMI GC Daemon"              daemon [_thread_blocked, id=6064, stack(0x000000e85fe00000,0x000000e85ff00000) (1024K)]
  0x000002b7501f7960 JavaThread "RMI Reaper"                        [_thread_blocked, id=10232, stack(0x000000e85fa00000,0x000000e85fb00000) (1024K)]
  0x000002b74f0b1720 JavaThread "pool-238-thread-1"                 [_thread_blocked, id=11072, stack(0x000000e85cd00000,0x000000e85ce00000) (1024K)]
  0x000002b7516ff400 JavaThread "pool-243-thread-1"                 [_thread_blocked, id=13528, stack(0x000000e85cc00000,0x000000e85cd00000) (1024K)]
  0x000002b7502ed710 JavaThread "pool-247-thread-1"                 [_thread_blocked, id=1036, stack(0x000000e85cf00000,0x000000e85d000000) (1024K)]
  0x000002b74683c870 JavaThread "pool-251-thread-1"                 [_thread_blocked, id=1376, stack(0x000000e85d300000,0x000000e85d400000) (1024K)]
  0x000002b7516ffa90 JavaThread "jar transforms"                    [_thread_blocked, id=11044, stack(0x000000e857c00000,0x000000e857d00000) (1024K)]
  0x000002b7516fed70 JavaThread "jar transforms Thread 2"           [_thread_blocked, id=10036, stack(0x000000e858100000,0x000000e858200000) (1024K)]
  0x000002b751700120 JavaThread "jar transforms Thread 3"           [_thread_blocked, id=11208, stack(0x000000e858200000,0x000000e858300000) (1024K)]
  0x000002b7517007b0 JavaThread "jar transforms Thread 4"           [_thread_blocked, id=3040, stack(0x000000e858700000,0x000000e858800000) (1024K)]
  0x000002b7516fe050 JavaThread "jar transforms Thread 5"           [_thread_blocked, id=14156, stack(0x000000e858800000,0x000000e858900000) (1024K)]
  0x000002b751700e40 JavaThread "jar transforms Thread 6"           [_thread_blocked, id=10584, stack(0x000000e858900000,0x000000e858a00000) (1024K)]
  0x000002b7516fe6e0 JavaThread "jar transforms Thread 7"           [_thread_blocked, id=3572, stack(0x000000e858a00000,0x000000e858b00000) (1024K)]
  0x000002b751f34410 JavaThread "jar transforms Thread 8"           [_thread_blocked, id=14068, stack(0x000000e858b00000,0x000000e858c00000) (1024K)]
  0x000002b74f0b0370 JavaThread "pool-256-thread-1"                 [_thread_blocked, id=4532, stack(0x000000e85ec00000,0x000000e85ed00000) (1024K)]
  0x000002b74fd47330 JavaThread "pool-259-thread-1"                 [_thread_blocked, id=6324, stack(0x000000e85dc00000,0x000000e85dd00000) (1024K)]
  0x000002b751206c60 JavaThread "RMI TCP Connection(idle)"   daemon [_thread_blocked, id=4168, stack(0x000000e855700000,0x000000e855800000) (1024K)]
  0x000002b74f993730 JavaThread "Daemon Thread 46"                  [_thread_blocked, id=10588, stack(0x000000e855800000,0x000000e855900000) (1024K)]
  0x000002b750c6b260 JavaThread "Daemon worker Thread 46"           [_thread_in_vm, id=6860, stack(0x000000e857700000,0x000000e857800000) (1024K)]
  0x000002b73f2d4a70 JavaThread "pool-264-thread-1"                 [_thread_blocked, id=10668, stack(0x000000e85dd00000,0x000000e85de00000) (1024K)]
  0x000002b750c69820 JavaThread "included builds"                   [_thread_blocked, id=8160, stack(0x000000e85df00000,0x000000e85e000000) (1024K)]
  0x000002b7512065d0 JavaThread "RMI TCP Connection(190)-127.0.0.1" daemon [_thread_in_native, id=968, stack(0x000000e861600000,0x000000e861700000) (1024K)]
  0x000002b74567d090 JavaThread "ForkJoinPool.commonPool-worker-244" daemon [_thread_blocked, id=420, stack(0x000000e861500000,0x000000e861600000) (1024K)]
  0x000002b73a635e30 JavaThread "ForkJoinPool.commonPool-worker-245" daemon [_thread_blocked, id=7936, stack(0x000000e862000000,0x000000e862100000) (1024K)]
  0x000002b73a6364c0 JavaThread "ForkJoinPool.commonPool-worker-246" daemon [_thread_blocked, id=10808, stack(0x000000e862100000,0x000000e862200000) (1024K)]
  0x000002b74567ddb0 JavaThread "ForkJoinPool.commonPool-worker-247" daemon [_thread_blocked, id=11636, stack(0x000000e862200000,0x000000e862300000) (1024K)]
  0x000002b750157ae0 JavaThread "ForkJoinPool.commonPool-worker-248" daemon [_thread_blocked, id=14304, stack(0x000000e862300000,0x000000e862400000) (1024K)]
  0x000002b74f0b1090 JavaThread "ForkJoinPool.commonPool-worker-249" daemon [_thread_blocked, id=11996, stack(0x000000e862400000,0x000000e862500000) (1024K)]
  0x000002b74567afc0 JavaThread "ForkJoinPool.commonPool-worker-250" daemon [_thread_blocked, id=6488, stack(0x000000e862500000,0x000000e862600000) (1024K)]
  0x000002b74f0b0a00 JavaThread "VFS cleanup Thread 48"             [_thread_blocked, id=13732, stack(0x000000e857800000,0x000000e857900000) (1024K)]
  0x000002b756d9a430 JavaThread "Handler for socket connection from /127.0.0.1:53078 to /127.0.0.1:64803"        [_thread_in_native, id=13424, stack(0x000000e855900000,0x000000e855a00000) (1024K)]
  0x000002b756d9aac0 JavaThread "Cancel handler"                    [_thread_blocked, id=9228, stack(0x000000e857600000,0x000000e857700000) (1024K)]
  0x000002b7501f72d0 JavaThread "Asynchronous log dispatcher for DefaultDaemonConnection: socket connection from /127.0.0.1:53078 to /127.0.0.1:64803"        [_thread_blocked, id=7932, stack(0x000000e857900000,0x000000e857a00000) (1024K)]
  0x000002b7501f5f20 JavaThread "Stdin handler"                     [_thread_blocked, id=9748, stack(0x000000e857a00000,0x000000e857b00000) (1024K)]
  0x000002b7501f44e0 JavaThread "Daemon client event forwarder"        [_thread_blocked, id=404, stack(0x000000e857b00000,0x000000e857c00000) (1024K)]
  0x000002b7501f65b0 JavaThread "Cache worker for file hash cache (E:\saikatNandi\AsthaFood\.gradle\8.10.2\fileHashes)"        [_thread_blocked, id=6380, stack(0x000000e858c00000,0x000000e858d00000) (1024K)]
  0x000002b7501f4b70 JavaThread "Cache worker for Build Output Cleanup Cache (E:\saikatNandi\AsthaFood\.gradle\buildOutputCleanup)"        [_thread_blocked, id=1392, stack(0x000000e858d00000,0x000000e858e00000) (1024K)]
  0x000002b7461d2e00 JavaThread "Cache worker for checksums cache (E:\saikatNandi\AsthaFood\.gradle\8.10.2\checksums)"        [_thread_blocked, id=13576, stack(0x000000e858e00000,0x000000e858f00000) (1024K)]
  0x000002b7461d0d30 JavaThread "Cache worker for cache directory md-rule (C:\Users\ANDROID\.gradle\caches\8.10.2\md-rule)"        [_thread_blocked, id=12924, stack(0x000000e858f00000,0x000000e859000000) (1024K)]
  0x000002b7461d3490 JavaThread "Cache worker for cache directory md-supplier (C:\Users\ANDROID\.gradle\caches\8.10.2\md-supplier)"        [_thread_blocked, id=14056, stack(0x000000e859000000,0x000000e859100000) (1024K)]
  0x000002b7512072f0 JavaThread "Unconstrained build operations"        [_thread_blocked, id=14208, stack(0x000000e859100000,0x000000e859200000) (1024K)]
  0x000002b751207980 JavaThread "Unconstrained build operations Thread 2"        [_thread_in_vm, id=10424, stack(0x000000e859200000,0x000000e859300000) (1024K)]
  0x000002b751204b90 JavaThread "Unconstrained build operations Thread 3"        [_thread_new, id=7572, stack(0x000000e859300000,0x000000e859400000) (1024K)]
  0x000002b751208010 JavaThread "Unconstrained build operations Thread 4"        [_thread_new, id=5340, stack(0x000000e859400000,0x000000e859500000) (1024K)]
  0x000002b751205220 JavaThread "Unconstrained build operations Thread 5"        [_thread_new, id=12256, stack(0x000000e859600000,0x000000e859700000) (1024K)]
Total: 123

Other Threads:
  0x000002b738031210 VMThread "VM Thread"                           [id=11056, stack(0x000000e856100000,0x000000e856200000) (1024K)]
  0x000002b733c9e340 WatcherThread "VM Periodic Task Thread"        [id=12132, stack(0x000000e856000000,0x000000e856100000) (1024K)]
  0x000002b71c5e8b00 WorkerThread "GC Thread#0"                     [id=424, stack(0x000000e855b00000,0x000000e855c00000) (1024K)]
  0x000002b738500660 WorkerThread "GC Thread#1"                     [id=1884, stack(0x000000e856e00000,0x000000e856f00000) (1024K)]
  0x000002b738500a00 WorkerThread "GC Thread#2"                     [id=444, stack(0x000000e856f00000,0x000000e857000000) (1024K)]
  0x000002b73872a750 WorkerThread "GC Thread#3"                     [id=10420, stack(0x000000e857000000,0x000000e857100000) (1024K)]
  0x000002b738880f30 WorkerThread "GC Thread#4"                     [id=12928, stack(0x000000e857100000,0x000000e857200000) (1024K)]
  0x000002b73872aaf0 WorkerThread "GC Thread#5"                     [id=8948, stack(0x000000e857200000,0x000000e857300000) (1024K)]
  0x000002b739ec9ef0 WorkerThread "GC Thread#6"                     [id=11340, stack(0x000000e856c00000,0x000000e856d00000) (1024K)]
  0x000002b739eca290 WorkerThread "GC Thread#7"                     [id=7196, stack(0x000000e856d00000,0x000000e856e00000) (1024K)]
  0x000002b71c5f99f0 ConcurrentGCThread "G1 Main Marker"            [id=8600, stack(0x000000e855c00000,0x000000e855d00000) (1024K)]
  0x000002b71c5fa570 WorkerThread "G1 Conc#0"                       [id=11856, stack(0x000000e855d00000,0x000000e855e00000) (1024K)]
  0x000002b739eadd40 WorkerThread "G1 Conc#1"                       [id=7764, stack(0x000000e857d00000,0x000000e857e00000) (1024K)]
  0x000002b733b6fa70 ConcurrentGCThread "G1 Refine#0"               [id=13252, stack(0x000000e855e00000,0x000000e855f00000) (1024K)]
  0x000002b733b704f0 ConcurrentGCThread "G1 Service"                [id=9732, stack(0x000000e855f00000,0x000000e856000000) (1024K)]
Total: 15

Threads with active compile tasks:
C2 CompilerThread0  22354593 86908  s    4       org.gradle.internal.component.external.model.AbstractLazyModuleComponentResolveMetadata::getVariantsForGraphTraversal (29 bytes)
Total: 1

VM state: not at safepoint (normal execution)

VM Mutex/Monitor currently owned by a thread:  ([mutex/lock_event])
[0x00007ff9782dd360] Threads_lock - owner thread: 0x000002b750c6b260

Heap address: 0x0000000080000000, size: 2048 MB, Compressed Oops mode: 32-bit

CDS archive(s) not mapped
Compressed class space mapped at: 0x0000000100000000-0x0000000140000000, reserved size: 1073741824
Narrow klass base: 0x0000000000000000, Narrow klass shift: 3, Narrow klass range: 0x140000000

GC Precious Log:
 CardTable entry size: 512
 Card Set container configuration: InlinePtr #cards 5 size 8 Array Of Cards #cards 12 size 40 Howl #buckets 4 coarsen threshold 1843 Howl Bitmap #cards 512 size 80 coarsen threshold 460 Card regions per heap region 1 cards per card region 2048
 CPUs: 8 total, 8 available
 Memory: 16196M
 Large Page Support: Disabled
 NUMA Support: Disabled
 Compressed Oops: Enabled (32-bit)
 Heap Region Size: 1M
 Heap Min Capacity: 8M
 Heap Initial Capacity: 254M
 Heap Max Capacity: 2G
 Pre-touch: Disabled
 Parallel Workers: 8
 Concurrent Workers: 2
 Concurrent Refinement Workers: 8
 Periodic GC: Disabled

Heap:
 garbage-first heap   total 747520K, used 590068K [0x0000000080000000, 0x0000000100000000)
  region size 1024K, 141 young (144384K), 9 survivors (9216K)
 Metaspace       used 268024K, committed 270720K, reserved 1310720K
  class space    used 32598K, committed 34048K, reserved 1048576K

Heap Regions: E=young(eden), S=young(survivor), O=old, HS=humongous(starts), HC=humongous(continues), CS=collection set, F=free, TAMS=top-at-mark-start, PB=parsable bottom
|   0|0x0000000080000000, 0x0000000080100000, 0x0000000080100000|100%| O|  |TAMS 0x0000000080000000| PB 0x0000000080000000| Untracked 
|   1|0x0000000080100000, 0x00000000801ffff8, 0x0000000080200000| 99%| O|  |TAMS 0x0000000080100000| PB 0x0000000080100000| Untracked 
|   2|0x0000000080200000, 0x0000000080300000, 0x0000000080300000|100%|HS|  |TAMS 0x0000000080200000| PB 0x0000000080200000| Complete 
|   3|0x0000000080300000, 0x0000000080400000, 0x0000000080400000|100%|HC|  |TAMS 0x0000000080300000| PB 0x0000000080300000| Complete 
|   4|0x0000000080400000, 0x0000000080500000, 0x0000000080500000|100%|HC|  |TAMS 0x0000000080400000| PB 0x0000000080400000| Complete 
|   5|0x0000000080500000, 0x0000000080600000, 0x0000000080600000|100%|HC|  |TAMS 0x0000000080500000| PB 0x0000000080500000| Complete 
|   6|0x0000000080600000, 0x00000000806ffff8, 0x0000000080700000| 99%| O|  |TAMS 0x0000000080600000| PB 0x0000000080600000| Untracked 
|   7|0x0000000080700000, 0x0000000080800000, 0x0000000080800000|100%| O|  |TAMS 0x0000000080700000| PB 0x0000000080700000| Untracked 
|   8|0x0000000080800000, 0x00000000808ffe98, 0x0000000080900000| 99%| O|  |TAMS 0x0000000080800000| PB 0x0000000080800000| Untracked 
|   9|0x0000000080900000, 0x0000000080a00000, 0x0000000080a00000|100%|HS|  |TAMS 0x0000000080900000| PB 0x0000000080900000| Complete 
|  10|0x0000000080a00000, 0x0000000080b00000, 0x0000000080b00000|100%| O|  |TAMS 0x0000000080a00000| PB 0x0000000080a00000| Untracked 
|  11|0x0000000080b00000, 0x0000000080bfffd8, 0x0000000080c00000| 99%| O|  |TAMS 0x0000000080b00000| PB 0x0000000080b00000| Untracked 
|  12|0x0000000080c00000, 0x0000000080d00000, 0x0000000080d00000|100%| O|  |TAMS 0x0000000080c00000| PB 0x0000000080c00000| Untracked 
|  13|0x0000000080d00000, 0x0000000080e00000, 0x0000000080e00000|100%| O|  |TAMS 0x0000000080d00000| PB 0x0000000080d00000| Untracked 
|  14|0x0000000080e00000, 0x0000000080f00000, 0x0000000080f00000|100%| O|  |TAMS 0x0000000080e00000| PB 0x0000000080e00000| Untracked 
|  15|0x0000000080f00000, 0x0000000081000000, 0x0000000081000000|100%| O|  |TAMS 0x0000000080f00000| PB 0x0000000080f00000| Untracked 
|  16|0x0000000081000000, 0x00000000810ffff8, 0x0000000081100000| 99%| O|  |TAMS 0x0000000081000000| PB 0x0000000081000000| Untracked 
|  17|0x0000000081100000, 0x00000000811ffff8, 0x0000000081200000| 99%| O|  |TAMS 0x0000000081100000| PB 0x0000000081100000| Untracked 
|  18|0x0000000081200000, 0x00000000812fa650, 0x0000000081300000| 97%| O|  |TAMS 0x0000000081200000| PB 0x0000000081200000| Untracked 
|  19|0x0000000081300000, 0x00000000813fffc8, 0x0000000081400000| 99%| O|  |TAMS 0x0000000081300000| PB 0x0000000081300000| Untracked 
|  20|0x0000000081400000, 0x00000000814fe400, 0x0000000081500000| 99%| O|  |TAMS 0x0000000081400000| PB 0x0000000081400000| Untracked 
|  21|0x0000000081500000, 0x00000000815ffae0, 0x0000000081600000| 99%| O|  |TAMS 0x0000000081500000| PB 0x0000000081500000| Untracked 
|  22|0x0000000081600000, 0x0000000081700000, 0x0000000081700000|100%| O|  |TAMS 0x0000000081600000| PB 0x0000000081600000| Untracked 
|  23|0x0000000081700000, 0x00000000817fffd8, 0x0000000081800000| 99%| O|  |TAMS 0x0000000081700000| PB 0x0000000081700000| Untracked 
|  24|0x0000000081800000, 0x00000000818fffd0, 0x0000000081900000| 99%| O|  |TAMS 0x0000000081800000| PB 0x0000000081800000| Untracked 
|  25|0x0000000081900000, 0x00000000819fffd8, 0x0000000081a00000| 99%| O|  |TAMS 0x0000000081900000| PB 0x0000000081900000| Untracked 
|  26|0x0000000081a00000, 0x0000000081affff0, 0x0000000081b00000| 99%| O|  |TAMS 0x0000000081a00000| PB 0x0000000081a00000| Untracked 
|  27|0x0000000081b00000, 0x0000000081bfffa0, 0x0000000081c00000| 99%| O|  |TAMS 0x0000000081b00000| PB 0x0000000081b00000| Untracked 
|  28|0x0000000081c00000, 0x0000000081cf86b0, 0x0000000081d00000| 97%| O|  |TAMS 0x0000000081c00000| PB 0x0000000081c00000| Untracked 
|  29|0x0000000081d00000, 0x0000000081dffff8, 0x0000000081e00000| 99%| O|  |TAMS 0x0000000081d00000| PB 0x0000000081d00000| Untracked 
|  30|0x0000000081e00000, 0x0000000081effff8, 0x0000000081f00000| 99%| O|  |TAMS 0x0000000081e00000| PB 0x0000000081e00000| Untracked 
|  31|0x0000000081f00000, 0x0000000081fffff8, 0x0000000082000000| 99%| O|  |TAMS 0x0000000081f00000| PB 0x0000000081f00000| Untracked 
|  32|0x0000000082000000, 0x00000000820ffff8, 0x0000000082100000| 99%| O|  |TAMS 0x0000000082000000| PB 0x0000000082000000| Untracked 
|  33|0x0000000082100000, 0x00000000821fffe8, 0x0000000082200000| 99%| O|  |TAMS 0x0000000082100000| PB 0x0000000082100000| Untracked 
|  34|0x0000000082200000, 0x00000000822ffff8, 0x0000000082300000| 99%| O|  |TAMS 0x0000000082200000| PB 0x0000000082200000| Untracked 
|  35|0x0000000082300000, 0x00000000823fffe8, 0x0000000082400000| 99%| O|  |TAMS 0x0000000082300000| PB 0x0000000082300000| Untracked 
|  36|0x0000000082400000, 0x00000000824ffff8, 0x0000000082500000| 99%| O|  |TAMS 0x0000000082400000| PB 0x0000000082400000| Untracked 
|  37|0x0000000082500000, 0x00000000825ffff0, 0x0000000082600000| 99%| O|  |TAMS 0x0000000082500000| PB 0x0000000082500000| Untracked 
|  38|0x0000000082600000, 0x00000000826ffff0, 0x0000000082700000| 99%| O|  |TAMS 0x0000000082600000| PB 0x0000000082600000| Untracked 
|  39|0x0000000082700000, 0x00000000827fffc8, 0x0000000082800000| 99%| O|  |TAMS 0x0000000082700000| PB 0x0000000082700000| Untracked 
|  40|0x0000000082800000, 0x00000000828ffff0, 0x0000000082900000| 99%| O|  |TAMS 0x0000000082800000| PB 0x0000000082800000| Untracked 
|  41|0x0000000082900000, 0x00000000829fffb0, 0x0000000082a00000| 99%| O|  |TAMS 0x0000000082900000| PB 0x0000000082900000| Untracked 
|  42|0x0000000082a00000, 0x0000000082afff98, 0x0000000082b00000| 99%| O|  |TAMS 0x0000000082a00000| PB 0x0000000082a00000| Untracked 
|  43|0x0000000082b00000, 0x0000000082bf0120, 0x0000000082c00000| 93%| O|  |TAMS 0x0000000082b00000| PB 0x0000000082b00000| Untracked 
|  44|0x0000000082c00000, 0x0000000082d00000, 0x0000000082d00000|100%| O|  |TAMS 0x0000000082c00000| PB 0x0000000082c00000| Untracked 
|  45|0x0000000082d00000, 0x0000000082e00000, 0x0000000082e00000|100%| O|  |TAMS 0x0000000082d00000| PB 0x0000000082d00000| Untracked 
|  46|0x0000000082e00000, 0x0000000082efffe8, 0x0000000082f00000| 99%| O|  |TAMS 0x0000000082e00000| PB 0x0000000082e00000| Untracked 
|  47|0x0000000082f00000, 0x0000000082ffffe8, 0x0000000083000000| 99%| O|  |TAMS 0x0000000082f00000| PB 0x0000000082f00000| Untracked 
|  48|0x0000000083000000, 0x0000000083100000, 0x0000000083100000|100%|HS|  |TAMS 0x0000000083000000| PB 0x0000000083000000| Complete 
|  49|0x0000000083100000, 0x0000000083200000, 0x0000000083200000|100%|HS|  |TAMS 0x0000000083100000| PB 0x0000000083100000| Complete 
|  50|0x0000000083200000, 0x0000000083300000, 0x0000000083300000|100%|HS|  |TAMS 0x0000000083200000| PB 0x0000000083200000| Complete 
|  51|0x0000000083300000, 0x0000000083400000, 0x0000000083400000|100%|HC|  |TAMS 0x0000000083300000| PB 0x0000000083300000| Complete 
|  52|0x0000000083400000, 0x0000000083500000, 0x0000000083500000|100%|HS|  |TAMS 0x0000000083400000| PB 0x0000000083400000| Complete 
|  53|0x0000000083500000, 0x0000000083600000, 0x0000000083600000|100%|HC|  |TAMS 0x0000000083500000| PB 0x0000000083500000| Complete 
|  54|0x0000000083600000, 0x0000000083700000, 0x0000000083700000|100%|HS|  |TAMS 0x0000000083600000| PB 0x0000000083600000| Complete 
|  55|0x0000000083700000, 0x0000000083800000, 0x0000000083800000|100%| O|  |TAMS 0x0000000083700000| PB 0x0000000083700000| Untracked 
|  56|0x0000000083800000, 0x00000000838fffb0, 0x0000000083900000| 99%| O|  |TAMS 0x0000000083800000| PB 0x0000000083800000| Untracked 
|  57|0x0000000083900000, 0x0000000083a00000, 0x0000000083a00000|100%|HS|  |TAMS 0x0000000083900000| PB 0x0000000083900000| Complete 
|  58|0x0000000083a00000, 0x0000000083b00000, 0x0000000083b00000|100%| O|  |TAMS 0x0000000083a00000| PB 0x0000000083a00000| Untracked 
|  59|0x0000000083b00000, 0x0000000083bfffc0, 0x0000000083c00000| 99%| O|  |TAMS 0x0000000083b00000| PB 0x0000000083b00000| Untracked 
|  60|0x0000000083c00000, 0x0000000083d00000, 0x0000000083d00000|100%|HS|  |TAMS 0x0000000083c00000| PB 0x0000000083c00000| Complete 
|  61|0x0000000083d00000, 0x0000000083e00000, 0x0000000083e00000|100%|HS|  |TAMS 0x0000000083d00000| PB 0x0000000083d00000| Complete 
|  62|0x0000000083e00000, 0x0000000083effff8, 0x0000000083f00000| 99%| O|  |TAMS 0x0000000083e00000| PB 0x0000000083e00000| Untracked 
|  63|0x0000000083f00000, 0x0000000084000000, 0x0000000084000000|100%| O|  |TAMS 0x0000000083f00000| PB 0x0000000083f00000| Untracked 
|  64|0x0000000084000000, 0x00000000840ffff0, 0x0000000084100000| 99%| O|  |TAMS 0x0000000084000000| PB 0x0000000084000000| Untracked 
|  65|0x0000000084100000, 0x00000000841ffff8, 0x0000000084200000| 99%| O|  |TAMS 0x0000000084100000| PB 0x0000000084100000| Untracked 
|  66|0x0000000084200000, 0x00000000842ffff0, 0x0000000084300000| 99%| O|  |TAMS 0x0000000084200000| PB 0x0000000084200000| Untracked 
|  67|0x0000000084300000, 0x0000000084400000, 0x0000000084400000|100%|HS|  |TAMS 0x0000000084300000| PB 0x0000000084300000| Complete 
|  68|0x0000000084400000, 0x0000000084500000, 0x0000000084500000|100%| O|  |TAMS 0x0000000084400000| PB 0x0000000084400000| Untracked 
|  69|0x0000000084500000, 0x0000000084600000, 0x0000000084600000|100%| O|  |TAMS 0x0000000084500000| PB 0x0000000084500000| Untracked 
|  70|0x0000000084600000, 0x0000000084700000, 0x0000000084700000|100%| O|  |TAMS 0x0000000084600000| PB 0x0000000084600000| Untracked 
|  71|0x0000000084700000, 0x00000000847fffc8, 0x0000000084800000| 99%| O|  |TAMS 0x0000000084700000| PB 0x0000000084700000| Untracked 
|  72|0x0000000084800000, 0x00000000848fffe0, 0x0000000084900000| 99%| O|  |TAMS 0x0000000084800000| PB 0x0000000084800000| Untracked 
|  73|0x0000000084900000, 0x00000000849ffff8, 0x0000000084a00000| 99%| O|  |TAMS 0x0000000084900000| PB 0x0000000084900000| Untracked 
|  74|0x0000000084a00000, 0x0000000084b00000, 0x0000000084b00000|100%| O|  |TAMS 0x0000000084a00000| PB 0x0000000084a00000| Untracked 
|  75|0x0000000084b00000, 0x0000000084bfffe0, 0x0000000084c00000| 99%| O|  |TAMS 0x0000000084b00000| PB 0x0000000084b00000| Untracked 
|  76|0x0000000084c00000, 0x0000000084cfffe8, 0x0000000084d00000| 99%| O|  |TAMS 0x0000000084c00000| PB 0x0000000084c00000| Untracked 
|  77|0x0000000084d00000, 0x0000000084e00000, 0x0000000084e00000|100%| O|  |TAMS 0x0000000084d00000| PB 0x0000000084d00000| Untracked 
|  78|0x0000000084e00000, 0x0000000084efffe0, 0x0000000084f00000| 99%| O|  |TAMS 0x0000000084e00000| PB 0x0000000084e00000| Untracked 
|  79|0x0000000084f00000, 0x0000000085000000, 0x0000000085000000|100%| O|  |TAMS 0x0000000084f00000| PB 0x0000000084f00000| Untracked 
|  80|0x0000000085000000, 0x00000000850fffe8, 0x0000000085100000| 99%| O|  |TAMS 0x0000000085000000| PB 0x0000000085000000| Untracked 
|  81|0x0000000085100000, 0x00000000851ffff8, 0x0000000085200000| 99%| O|  |TAMS 0x0000000085100000| PB 0x0000000085100000| Untracked 
|  82|0x0000000085200000, 0x0000000085300000, 0x0000000085300000|100%| O|  |TAMS 0x0000000085200000| PB 0x0000000085200000| Untracked 
|  83|0x0000000085300000, 0x0000000085400000, 0x0000000085400000|100%| O|  |TAMS 0x0000000085300000| PB 0x0000000085300000| Untracked 
|  84|0x0000000085400000, 0x00000000854ffff8, 0x0000000085500000| 99%| O|  |TAMS 0x0000000085400000| PB 0x0000000085400000| Untracked 
|  85|0x0000000085500000, 0x00000000855fffc0, 0x0000000085600000| 99%| O|  |TAMS 0x0000000085500000| PB 0x0000000085500000| Untracked 
|  86|0x0000000085600000, 0x00000000856fffe8, 0x0000000085700000| 99%| O|  |TAMS 0x0000000085600000| PB 0x0000000085600000| Untracked 
|  87|0x0000000085700000, 0x0000000085800000, 0x0000000085800000|100%| O|  |TAMS 0x0000000085700000| PB 0x0000000085700000| Untracked 
|  88|0x0000000085800000, 0x0000000085900000, 0x0000000085900000|100%| O|  |TAMS 0x0000000085800000| PB 0x0000000085800000| Untracked 
|  89|0x0000000085900000, 0x0000000085a00000, 0x0000000085a00000|100%| O|  |TAMS 0x0000000085900000| PB 0x0000000085900000| Untracked 
|  90|0x0000000085a00000, 0x0000000085ac5e38, 0x0000000085b00000| 77%| O|  |TAMS 0x0000000085a00000| PB 0x0000000085a00000| Untracked 
|  91|0x0000000085b00000, 0x0000000085bfff88, 0x0000000085c00000| 99%| O|  |TAMS 0x0000000085b00000| PB 0x0000000085b00000| Untracked 
|  92|0x0000000085c00000, 0x0000000085cffff0, 0x0000000085d00000| 99%| O|  |TAMS 0x0000000085c00000| PB 0x0000000085c00000| Untracked 
|  93|0x0000000085d00000, 0x0000000085dfffe8, 0x0000000085e00000| 99%| O|  |TAMS 0x0000000085d00000| PB 0x0000000085d00000| Untracked 
|  94|0x0000000085e00000, 0x0000000085f00000, 0x0000000085f00000|100%| O|  |TAMS 0x0000000085e00000| PB 0x0000000085e00000| Untracked 
|  95|0x0000000085f00000, 0x0000000085fffff0, 0x0000000086000000| 99%| O|  |TAMS 0x0000000085f00000| PB 0x0000000085f00000| Untracked 
|  96|0x0000000086000000, 0x0000000086100000, 0x0000000086100000|100%| O|  |TAMS 0x0000000086000000| PB 0x0000000086000000| Untracked 
|  97|0x0000000086100000, 0x0000000086200000, 0x0000000086200000|100%| O|  |TAMS 0x0000000086100000| PB 0x0000000086100000| Untracked 
|  98|0x0000000086200000, 0x0000000086300000, 0x0000000086300000|100%| O|  |TAMS 0x0000000086200000| PB 0x0000000086200000| Untracked 
|  99|0x0000000086300000, 0x0000000086400000, 0x0000000086400000|100%| O|  |TAMS 0x0000000086300000| PB 0x0000000086300000| Untracked 
| 100|0x0000000086400000, 0x00000000864ffd58, 0x0000000086500000| 99%| O|  |TAMS 0x0000000086400000| PB 0x0000000086400000| Untracked 
| 101|0x0000000086500000, 0x00000000865e1448, 0x0000000086600000| 87%| O|  |TAMS 0x0000000086500000| PB 0x0000000086500000| Untracked 
| 102|0x0000000086600000, 0x00000000866fffe8, 0x0000000086700000| 99%| O|  |TAMS 0x0000000086600000| PB 0x0000000086600000| Untracked 
| 103|0x0000000086700000, 0x0000000086800000, 0x0000000086800000|100%| O|  |TAMS 0x0000000086700000| PB 0x0000000086700000| Untracked 
| 104|0x0000000086800000, 0x00000000868ffff8, 0x0000000086900000| 99%| O|  |TAMS 0x0000000086800000| PB 0x0000000086800000| Untracked 
| 105|0x0000000086900000, 0x0000000086a00000, 0x0000000086a00000|100%| O|Cm|TAMS 0x0000000086900000| PB 0x0000000086900000| Complete 
| 106|0x0000000086a00000, 0x0000000086b00000, 0x0000000086b00000|100%| O|  |TAMS 0x0000000086a00000| PB 0x0000000086a00000| Untracked 
| 107|0x0000000086b00000, 0x0000000086c00000, 0x0000000086c00000|100%| O|  |TAMS 0x0000000086b00000| PB 0x0000000086b00000| Untracked 
| 108|0x0000000086c00000, 0x0000000086cfffd0, 0x0000000086d00000| 99%| O|  |TAMS 0x0000000086c00000| PB 0x0000000086c00000| Untracked 
| 109|0x0000000086d00000, 0x0000000086de4d18, 0x0000000086e00000| 89%| O|  |TAMS 0x0000000086d00000| PB 0x0000000086d00000| Untracked 
| 110|0x0000000086e00000, 0x0000000086efffe0, 0x0000000086f00000| 99%| O|  |TAMS 0x0000000086e00000| PB 0x0000000086e00000| Untracked 
| 111|0x0000000086f00000, 0x0000000087000000, 0x0000000087000000|100%| O|  |TAMS 0x0000000086f00000| PB 0x0000000086f00000| Untracked 
| 112|0x0000000087000000, 0x00000000870ff890, 0x0000000087100000| 99%| O|  |TAMS 0x0000000087000000| PB 0x0000000087000000| Untracked 
| 113|0x0000000087100000, 0x0000000087200000, 0x0000000087200000|100%| O|  |TAMS 0x0000000087100000| PB 0x0000000087100000| Untracked 
| 114|0x0000000087200000, 0x0000000087300000, 0x0000000087300000|100%| O|  |TAMS 0x0000000087200000| PB 0x0000000087200000| Untracked 
| 115|0x0000000087300000, 0x0000000087400000, 0x0000000087400000|100%|HS|  |TAMS 0x0000000087300000| PB 0x0000000087300000| Complete 
| 116|0x0000000087400000, 0x00000000874ffff0, 0x0000000087500000| 99%| O|  |TAMS 0x0000000087400000| PB 0x0000000087400000| Untracked 
| 117|0x0000000087500000, 0x0000000087600000, 0x0000000087600000|100%| O|  |TAMS 0x0000000087500000| PB 0x0000000087500000| Untracked 
| 118|0x0000000087600000, 0x00000000876a0ec8, 0x0000000087700000| 62%| O|  |TAMS 0x0000000087600000| PB 0x0000000087600000| Untracked 
| 119|0x0000000087700000, 0x0000000087800000, 0x0000000087800000|100%| O|  |TAMS 0x0000000087700000| PB 0x0000000087700000| Untracked 
| 120|0x0000000087800000, 0x0000000087900000, 0x0000000087900000|100%| O|  |TAMS 0x0000000087800000| PB 0x0000000087800000| Untracked 
| 121|0x0000000087900000, 0x0000000087a00000, 0x0000000087a00000|100%| O|  |TAMS 0x0000000087900000| PB 0x0000000087900000| Untracked 
| 122|0x0000000087a00000, 0x0000000087b00000, 0x0000000087b00000|100%| O|  |TAMS 0x0000000087a00000| PB 0x0000000087a00000| Untracked 
| 123|0x0000000087b00000, 0x0000000087c00000, 0x0000000087c00000|100%| O|  |TAMS 0x0000000087b00000| PB 0x0000000087b00000| Untracked 
| 124|0x0000000087c00000, 0x0000000087d00000, 0x0000000087d00000|100%| O|  |TAMS 0x0000000087c00000| PB 0x0000000087c00000| Untracked 
| 125|0x0000000087d00000, 0x0000000087e00000, 0x0000000087e00000|100%| O|  |TAMS 0x0000000087d00000| PB 0x0000000087d00000| Untracked 
| 126|0x0000000087e00000, 0x0000000087ebcba0, 0x0000000087f00000| 73%| O|  |TAMS 0x0000000087e00000| PB 0x0000000087e00000| Untracked 
| 127|0x0000000087f00000, 0x0000000088000000, 0x0000000088000000|100%| O|  |TAMS 0x0000000087f00000| PB 0x0000000087f00000| Untracked 
| 128|0x0000000088000000, 0x0000000088100000, 0x0000000088100000|100%|HS|  |TAMS 0x0000000088000000| PB 0x0000000088000000| Complete 
| 129|0x0000000088100000, 0x0000000088200000, 0x0000000088200000|100%|HC|  |TAMS 0x0000000088100000| PB 0x0000000088100000| Complete 
| 130|0x0000000088200000, 0x0000000088300000, 0x0000000088300000|100%| O|  |TAMS 0x0000000088200000| PB 0x0000000088200000| Untracked 
| 131|0x0000000088300000, 0x0000000088400000, 0x0000000088400000|100%|HS|  |TAMS 0x0000000088300000| PB 0x0000000088300000| Complete 
| 132|0x0000000088400000, 0x0000000088500000, 0x0000000088500000|100%| O|  |TAMS 0x0000000088400000| PB 0x0000000088400000| Untracked 
| 133|0x0000000088500000, 0x00000000885ffff8, 0x0000000088600000| 99%| O|  |TAMS 0x0000000088500000| PB 0x0000000088500000| Untracked 
| 134|0x0000000088600000, 0x0000000088700000, 0x0000000088700000|100%|HS|  |TAMS 0x0000000088600000| PB 0x0000000088600000| Complete 
| 135|0x0000000088700000, 0x0000000088800000, 0x0000000088800000|100%|HC|  |TAMS 0x0000000088700000| PB 0x0000000088700000| Complete 
| 136|0x0000000088800000, 0x0000000088900000, 0x0000000088900000|100%|HC|  |TAMS 0x0000000088800000| PB 0x0000000088800000| Complete 
| 137|0x0000000088900000, 0x0000000088a00000, 0x0000000088a00000|100%| O|  |TAMS 0x0000000088900000| PB 0x0000000088900000| Untracked 
| 138|0x0000000088a00000, 0x0000000088b00000, 0x0000000088b00000|100%| O|  |TAMS 0x0000000088a00000| PB 0x0000000088a00000| Untracked 
| 139|0x0000000088b00000, 0x0000000088c00000, 0x0000000088c00000|100%| O|  |TAMS 0x0000000088b00000| PB 0x0000000088b00000| Untracked 
| 140|0x0000000088c00000, 0x0000000088d00000, 0x0000000088d00000|100%| O|  |TAMS 0x0000000088c00000| PB 0x0000000088c00000| Untracked 
| 141|0x0000000088d00000, 0x0000000088e00000, 0x0000000088e00000|100%| O|  |TAMS 0x0000000088d00000| PB 0x0000000088d00000| Untracked 
| 142|0x0000000088e00000, 0x0000000088f00000, 0x0000000088f00000|100%| O|  |TAMS 0x0000000088e00000| PB 0x0000000088e00000| Untracked 
| 143|0x0000000088f00000, 0x0000000089000000, 0x0000000089000000|100%| O|  |TAMS 0x0000000088f00000| PB 0x0000000088f00000| Untracked 
| 144|0x0000000089000000, 0x0000000089100000, 0x0000000089100000|100%| O|  |TAMS 0x0000000089000000| PB 0x0000000089000000| Untracked 
| 145|0x0000000089100000, 0x0000000089200000, 0x0000000089200000|100%| O|  |TAMS 0x0000000089100000| PB 0x0000000089100000| Untracked 
| 146|0x0000000089200000, 0x0000000089300000, 0x0000000089300000|100%| O|  |TAMS 0x0000000089200000| PB 0x0000000089200000| Untracked 
| 147|0x0000000089300000, 0x0000000089400000, 0x0000000089400000|100%| O|  |TAMS 0x0000000089300000| PB 0x0000000089300000| Untracked 
| 148|0x0000000089400000, 0x0000000089500000, 0x0000000089500000|100%| O|  |TAMS 0x0000000089400000| PB 0x0000000089400000| Untracked 
| 149|0x0000000089500000, 0x0000000089600000, 0x0000000089600000|100%| O|  |TAMS 0x0000000089500000| PB 0x0000000089500000| Untracked 
| 150|0x0000000089600000, 0x0000000089700000, 0x0000000089700000|100%| O|  |TAMS 0x0000000089600000| PB 0x0000000089600000| Untracked 
| 151|0x0000000089700000, 0x0000000089800000, 0x0000000089800000|100%|HS|  |TAMS 0x0000000089700000| PB 0x0000000089700000| Complete 
| 152|0x0000000089800000, 0x0000000089900000, 0x0000000089900000|100%|HC|  |TAMS 0x0000000089800000| PB 0x0000000089800000| Complete 
| 153|0x0000000089900000, 0x0000000089a00000, 0x0000000089a00000|100%| O|  |TAMS 0x0000000089900000| PB 0x0000000089900000| Untracked 
| 154|0x0000000089a00000, 0x0000000089b00000, 0x0000000089b00000|100%| O|  |TAMS 0x0000000089a00000| PB 0x0000000089a00000| Untracked 
| 155|0x0000000089b00000, 0x0000000089c00000, 0x0000000089c00000|100%| O|  |TAMS 0x0000000089b00000| PB 0x0000000089b00000| Untracked 
| 156|0x0000000089c00000, 0x0000000089d00000, 0x0000000089d00000|100%| O|  |TAMS 0x0000000089c00000| PB 0x0000000089c00000| Untracked 
| 157|0x0000000089d00000, 0x0000000089e00000, 0x0000000089e00000|100%| O|  |TAMS 0x0000000089d00000| PB 0x0000000089d00000| Untracked 
| 158|0x0000000089e00000, 0x0000000089f00000, 0x0000000089f00000|100%| O|  |TAMS 0x0000000089e00000| PB 0x0000000089e00000| Untracked 
| 159|0x0000000089f00000, 0x000000008a000000, 0x000000008a000000|100%| O|  |TAMS 0x0000000089f00000| PB 0x0000000089f00000| Untracked 
| 160|0x000000008a000000, 0x000000008a100000, 0x000000008a100000|100%| O|  |TAMS 0x000000008a000000| PB 0x000000008a000000| Untracked 
| 161|0x000000008a100000, 0x000000008a200000, 0x000000008a200000|100%| O|  |TAMS 0x000000008a100000| PB 0x000000008a100000| Untracked 
| 162|0x000000008a200000, 0x000000008a300000, 0x000000008a300000|100%| O|  |TAMS 0x000000008a200000| PB 0x000000008a200000| Untracked 
| 163|0x000000008a300000, 0x000000008a400000, 0x000000008a400000|100%| O|  |TAMS 0x000000008a300000| PB 0x000000008a300000| Untracked 
| 164|0x000000008a400000, 0x000000008a500000, 0x000000008a500000|100%| O|  |TAMS 0x000000008a400000| PB 0x000000008a400000| Untracked 
| 165|0x000000008a500000, 0x000000008a600000, 0x000000008a600000|100%| O|  |TAMS 0x000000008a500000| PB 0x000000008a500000| Untracked 
| 166|0x000000008a600000, 0x000000008a700000, 0x000000008a700000|100%| O|Cm|TAMS 0x000000008a600000| PB 0x000000008a600000| Complete 
| 167|0x000000008a700000, 0x000000008a800000, 0x000000008a800000|100%|HS|  |TAMS 0x000000008a700000| PB 0x000000008a700000| Complete 
| 168|0x000000008a800000, 0x000000008a900000, 0x000000008a900000|100%|HC|  |TAMS 0x000000008a800000| PB 0x000000008a800000| Complete 
| 169|0x000000008a900000, 0x000000008aa00000, 0x000000008aa00000|100%|HC|  |TAMS 0x000000008a900000| PB 0x000000008a900000| Complete 
| 170|0x000000008aa00000, 0x000000008ab00000, 0x000000008ab00000|100%|HC|  |TAMS 0x000000008aa00000| PB 0x000000008aa00000| Complete 
| 171|0x000000008ab00000, 0x000000008ac00000, 0x000000008ac00000|100%|HS|  |TAMS 0x000000008ab00000| PB 0x000000008ab00000| Complete 
| 172|0x000000008ac00000, 0x000000008ad00000, 0x000000008ad00000|100%|HC|  |TAMS 0x000000008ac00000| PB 0x000000008ac00000| Complete 
| 173|0x000000008ad00000, 0x000000008ae00000, 0x000000008ae00000|100%|HC|  |TAMS 0x000000008ad00000| PB 0x000000008ad00000| Complete 
| 174|0x000000008ae00000, 0x000000008af00000, 0x000000008af00000|100%|HC|  |TAMS 0x000000008ae00000| PB 0x000000008ae00000| Complete 
| 175|0x000000008af00000, 0x000000008b000000, 0x000000008b000000|100%|HC|  |TAMS 0x000000008af00000| PB 0x000000008af00000| Complete 
| 176|0x000000008b000000, 0x000000008b100000, 0x000000008b100000|100%|HC|  |TAMS 0x000000008b000000| PB 0x000000008b000000| Complete 
| 177|0x000000008b100000, 0x000000008b200000, 0x000000008b200000|100%| O|  |TAMS 0x000000008b100000| PB 0x000000008b100000| Untracked 
| 178|0x000000008b200000, 0x000000008b300000, 0x000000008b300000|100%| O|  |TAMS 0x000000008b200000| PB 0x000000008b200000| Untracked 
| 179|0x000000008b300000, 0x000000008b400000, 0x000000008b400000|100%| O|  |TAMS 0x000000008b300000| PB 0x000000008b300000| Untracked 
| 180|0x000000008b400000, 0x000000008b500000, 0x000000008b500000|100%| O|  |TAMS 0x000000008b400000| PB 0x000000008b400000| Untracked 
| 181|0x000000008b500000, 0x000000008b600000, 0x000000008b600000|100%| O|Cm|TAMS 0x000000008b500000| PB 0x000000008b500000| Complete 
| 182|0x000000008b600000, 0x000000008b700000, 0x000000008b700000|100%| O|  |TAMS 0x000000008b600000| PB 0x000000008b600000| Untracked 
| 183|0x000000008b700000, 0x000000008b800000, 0x000000008b800000|100%| O|  |TAMS 0x000000008b700000| PB 0x000000008b700000| Untracked 
| 184|0x000000008b800000, 0x000000008b900000, 0x000000008b900000|100%| O|  |TAMS 0x000000008b800000| PB 0x000000008b800000| Untracked 
| 185|0x000000008b900000, 0x000000008ba00000, 0x000000008ba00000|100%| O|  |TAMS 0x000000008b900000| PB 0x000000008b900000| Untracked 
| 186|0x000000008ba00000, 0x000000008bb00000, 0x000000008bb00000|100%| O|  |TAMS 0x000000008ba00000| PB 0x000000008ba00000| Untracked 
| 187|0x000000008bb00000, 0x000000008bc00000, 0x000000008bc00000|100%| O|Cm|TAMS 0x000000008bb00000| PB 0x000000008bb00000| Complete 
| 188|0x000000008bc00000, 0x000000008bd00000, 0x000000008bd00000|100%| O|Cm|TAMS 0x000000008bc00000| PB 0x000000008bc00000| Complete 
| 189|0x000000008bd00000, 0x000000008be00000, 0x000000008be00000|100%| O|  |TAMS 0x000000008bd00000| PB 0x000000008bd00000| Untracked 
| 190|0x000000008be00000, 0x000000008bf00000, 0x000000008bf00000|100%| O|Cm|TAMS 0x000000008be00000| PB 0x000000008be00000| Complete 
| 191|0x000000008bf00000, 0x000000008c000000, 0x000000008c000000|100%| O|  |TAMS 0x000000008bf00000| PB 0x000000008bf00000| Untracked 
| 192|0x000000008c000000, 0x000000008c100000, 0x000000008c100000|100%| O|  |TAMS 0x000000008c000000| PB 0x000000008c000000| Untracked 
| 193|0x000000008c100000, 0x000000008c200000, 0x000000008c200000|100%| O|  |TAMS 0x000000008c100000| PB 0x000000008c100000| Untracked 
| 194|0x000000008c200000, 0x000000008c300000, 0x000000008c300000|100%| O|  |TAMS 0x000000008c200000| PB 0x000000008c200000| Untracked 
| 195|0x000000008c300000, 0x000000008c400000, 0x000000008c400000|100%| O|Cm|TAMS 0x000000008c300000| PB 0x000000008c300000| Complete 
| 196|0x000000008c400000, 0x000000008c500000, 0x000000008c500000|100%| O|Cm|TAMS 0x000000008c400000| PB 0x000000008c400000| Complete 
| 197|0x000000008c500000, 0x000000008c600000, 0x000000008c600000|100%| O|Cm|TAMS 0x000000008c500000| PB 0x000000008c500000| Complete 
| 198|0x000000008c600000, 0x000000008c695640, 0x000000008c700000| 58%| O|  |TAMS 0x000000008c600000| PB 0x000000008c600000| Untracked 
| 199|0x000000008c700000, 0x000000008c800000, 0x000000008c800000|100%|HS|  |TAMS 0x000000008c700000| PB 0x000000008c700000| Complete 
| 200|0x000000008c800000, 0x000000008c900000, 0x000000008c900000|100%|HS|  |TAMS 0x000000008c800000| PB 0x000000008c800000| Complete 
| 201|0x000000008c900000, 0x000000008ca00000, 0x000000008ca00000|100%|HS|  |TAMS 0x000000008c900000| PB 0x000000008c900000| Complete 
| 202|0x000000008ca00000, 0x000000008cb00000, 0x000000008cb00000|100%|HS|  |TAMS 0x000000008ca00000| PB 0x000000008ca00000| Complete 
| 203|0x000000008cb00000, 0x000000008cc00000, 0x000000008cc00000|100%|HS|  |TAMS 0x000000008cb00000| PB 0x000000008cb00000| Complete 
| 204|0x000000008cc00000, 0x000000008cd00000, 0x000000008cd00000|100%|HS|  |TAMS 0x000000008cc00000| PB 0x000000008cc00000| Complete 
| 205|0x000000008cd00000, 0x000000008ce00000, 0x000000008ce00000|100%|HC|  |TAMS 0x000000008cd00000| PB 0x000000008cd00000| Complete 
| 206|0x000000008ce00000, 0x000000008cf00000, 0x000000008cf00000|100%| O|  |TAMS 0x000000008ce00000| PB 0x000000008ce00000| Untracked 
| 207|0x000000008cf00000, 0x000000008d000000, 0x000000008d000000|100%| O|  |TAMS 0x000000008cf00000| PB 0x000000008cf00000| Untracked 
| 208|0x000000008d000000, 0x000000008d100000, 0x000000008d100000|100%| O|  |TAMS 0x000000008d000000| PB 0x000000008d000000| Untracked 
| 209|0x000000008d100000, 0x000000008d200000, 0x000000008d200000|100%| O|  |TAMS 0x000000008d100000| PB 0x000000008d100000| Untracked 
| 210|0x000000008d200000, 0x000000008d300000, 0x000000008d300000|100%| O|  |TAMS 0x000000008d200000| PB 0x000000008d200000| Untracked 
| 211|0x000000008d300000, 0x000000008d400000, 0x000000008d400000|100%| O|  |TAMS 0x000000008d300000| PB 0x000000008d300000| Untracked 
| 212|0x000000008d400000, 0x000000008d500000, 0x000000008d500000|100%| O|  |TAMS 0x000000008d400000| PB 0x000000008d400000| Untracked 
| 213|0x000000008d500000, 0x000000008d600000, 0x000000008d600000|100%| O|  |TAMS 0x000000008d500000| PB 0x000000008d500000| Untracked 
| 214|0x000000008d600000, 0x000000008d700000, 0x000000008d700000|100%| O|  |TAMS 0x000000008d600000| PB 0x000000008d600000| Untracked 
| 215|0x000000008d700000, 0x000000008d800000, 0x000000008d800000|100%| O|  |TAMS 0x000000008d700000| PB 0x000000008d700000| Untracked 
| 216|0x000000008d800000, 0x000000008d900000, 0x000000008d900000|100%| O|  |TAMS 0x000000008d800000| PB 0x000000008d800000| Untracked 
| 217|0x000000008d900000, 0x000000008da00000, 0x000000008da00000|100%| O|  |TAMS 0x000000008d900000| PB 0x000000008d900000| Untracked 
| 218|0x000000008da00000, 0x000000008db00000, 0x000000008db00000|100%| O|  |TAMS 0x000000008da00000| PB 0x000000008da00000| Untracked 
| 219|0x000000008db00000, 0x000000008dc00000, 0x000000008dc00000|100%| O|  |TAMS 0x000000008db00000| PB 0x000000008db00000| Untracked 
| 220|0x000000008dc00000, 0x000000008dd00000, 0x000000008dd00000|100%| O|  |TAMS 0x000000008dc00000| PB 0x000000008dc00000| Untracked 
| 221|0x000000008dd00000, 0x000000008de00000, 0x000000008de00000|100%| O|  |TAMS 0x000000008dd00000| PB 0x000000008dd00000| Untracked 
| 222|0x000000008de00000, 0x000000008df00000, 0x000000008df00000|100%| O|  |TAMS 0x000000008de00000| PB 0x000000008de00000| Untracked 
| 223|0x000000008df00000, 0x000000008e000000, 0x000000008e000000|100%| O|  |TAMS 0x000000008df00000| PB 0x000000008df00000| Untracked 
| 224|0x000000008e000000, 0x000000008e100000, 0x000000008e100000|100%| O|  |TAMS 0x000000008e000000| PB 0x000000008e000000| Untracked 
| 225|0x000000008e100000, 0x000000008e200000, 0x000000008e200000|100%| O|  |TAMS 0x000000008e100000| PB 0x000000008e100000| Untracked 
| 226|0x000000008e200000, 0x000000008e300000, 0x000000008e300000|100%| O|  |TAMS 0x000000008e200000| PB 0x000000008e200000| Untracked 
| 227|0x000000008e300000, 0x000000008e400000, 0x000000008e400000|100%| O|  |TAMS 0x000000008e300000| PB 0x000000008e300000| Untracked 
| 228|0x000000008e400000, 0x000000008e500000, 0x000000008e500000|100%| O|  |TAMS 0x000000008e400000| PB 0x000000008e400000| Untracked 
| 229|0x000000008e500000, 0x000000008e500000, 0x000000008e600000|  0%| F|  |TAMS 0x000000008e500000| PB 0x000000008e500000| Untracked 
| 230|0x000000008e600000, 0x000000008e700000, 0x000000008e700000|100%| O|  |TAMS 0x000000008e600000| PB 0x000000008e600000| Untracked 
| 231|0x000000008e700000, 0x000000008e800000, 0x000000008e800000|100%| O|  |TAMS 0x000000008e700000| PB 0x000000008e700000| Untracked 
| 232|0x000000008e800000, 0x000000008e900000, 0x000000008e900000|100%| O|  |TAMS 0x000000008e800000| PB 0x000000008e800000| Untracked 
| 233|0x000000008e900000, 0x000000008ea00000, 0x000000008ea00000|100%| O|  |TAMS 0x000000008e900000| PB 0x000000008e900000| Untracked 
| 234|0x000000008ea00000, 0x000000008eb00000, 0x000000008eb00000|100%| O|  |TAMS 0x000000008ea00000| PB 0x000000008ea00000| Untracked 
| 235|0x000000008eb00000, 0x000000008ec00000, 0x000000008ec00000|100%|HS|  |TAMS 0x000000008eb00000| PB 0x000000008eb00000| Complete 
| 236|0x000000008ec00000, 0x000000008ed00000, 0x000000008ed00000|100%|HC|  |TAMS 0x000000008ec00000| PB 0x000000008ec00000| Complete 
| 237|0x000000008ed00000, 0x000000008ee00000, 0x000000008ee00000|100%|HC|  |TAMS 0x000000008ed00000| PB 0x000000008ed00000| Complete 
| 238|0x000000008ee00000, 0x000000008ef00000, 0x000000008ef00000|100%|HC|  |TAMS 0x000000008ee00000| PB 0x000000008ee00000| Complete 
| 239|0x000000008ef00000, 0x000000008f000000, 0x000000008f000000|100%|HC|  |TAMS 0x000000008ef00000| PB 0x000000008ef00000| Complete 
| 240|0x000000008f000000, 0x000000008f100000, 0x000000008f100000|100%|HC|  |TAMS 0x000000008f000000| PB 0x000000008f000000| Complete 
| 241|0x000000008f100000, 0x000000008f200000, 0x000000008f200000|100%|HS|  |TAMS 0x000000008f100000| PB 0x000000008f100000| Complete 
| 242|0x000000008f200000, 0x000000008f300000, 0x000000008f300000|100%|HC|  |TAMS 0x000000008f200000| PB 0x000000008f200000| Complete 
| 243|0x000000008f300000, 0x000000008f400000, 0x000000008f400000|100%|HC|  |TAMS 0x000000008f300000| PB 0x000000008f300000| Complete 
| 244|0x000000008f400000, 0x000000008f500000, 0x000000008f500000|100%|HS|  |TAMS 0x000000008f400000| PB 0x000000008f400000| Complete 
| 245|0x000000008f500000, 0x000000008f600000, 0x000000008f600000|100%|HC|  |TAMS 0x000000008f500000| PB 0x000000008f500000| Complete 
| 246|0x000000008f600000, 0x000000008f700000, 0x000000008f700000|100%| O|  |TAMS 0x000000008f600000| PB 0x000000008f600000| Untracked 
| 247|0x000000008f700000, 0x000000008f700000, 0x000000008f800000|  0%| F|  |TAMS 0x000000008f700000| PB 0x000000008f700000| Untracked 
| 248|0x000000008f800000, 0x000000008f900000, 0x000000008f900000|100%| O|  |TAMS 0x000000008f800000| PB 0x000000008f800000| Untracked 
| 249|0x000000008f900000, 0x000000008fa00000, 0x000000008fa00000|100%| O|  |TAMS 0x000000008f900000| PB 0x000000008f900000| Untracked 
| 250|0x000000008fa00000, 0x000000008fb00000, 0x000000008fb00000|100%|HS|  |TAMS 0x000000008fa00000| PB 0x000000008fa00000| Complete 
| 251|0x000000008fb00000, 0x000000008fc00000, 0x000000008fc00000|100%|HC|  |TAMS 0x000000008fb00000| PB 0x000000008fb00000| Complete 
| 252|0x000000008fc00000, 0x000000008fd00000, 0x000000008fd00000|100%|HS|  |TAMS 0x000000008fc00000| PB 0x000000008fc00000| Complete 
| 253|0x000000008fd00000, 0x000000008fe00000, 0x000000008fe00000|100%|HC|  |TAMS 0x000000008fd00000| PB 0x000000008fd00000| Complete 
| 254|0x000000008fe00000, 0x000000008ff00000, 0x000000008ff00000|100%|HC|  |TAMS 0x000000008fe00000| PB 0x000000008fe00000| Complete 
| 255|0x000000008ff00000, 0x0000000090000000, 0x0000000090000000|100%|HC|  |TAMS 0x000000008ff00000| PB 0x000000008ff00000| Complete 
| 256|0x0000000090000000, 0x0000000090100000, 0x0000000090100000|100%|HC|  |TAMS 0x0000000090000000| PB 0x0000000090000000| Complete 
| 257|0x0000000090100000, 0x0000000090200000, 0x0000000090200000|100%|HC|  |TAMS 0x0000000090100000| PB 0x0000000090100000| Complete 
| 258|0x0000000090200000, 0x0000000090300000, 0x0000000090300000|100%|HS|  |TAMS 0x0000000090200000| PB 0x0000000090200000| Complete 
| 259|0x0000000090300000, 0x0000000090400000, 0x0000000090400000|100%|HC|  |TAMS 0x0000000090300000| PB 0x0000000090300000| Complete 
| 260|0x0000000090400000, 0x0000000090500000, 0x0000000090500000|100%|HC|  |TAMS 0x0000000090400000| PB 0x0000000090400000| Complete 
| 261|0x0000000090500000, 0x0000000090600000, 0x0000000090600000|100%|HC|  |TAMS 0x0000000090500000| PB 0x0000000090500000| Complete 
| 262|0x0000000090600000, 0x0000000090700000, 0x0000000090700000|100%|HC|  |TAMS 0x0000000090600000| PB 0x0000000090600000| Complete 
| 263|0x0000000090700000, 0x0000000090800000, 0x0000000090800000|100%|HC|  |TAMS 0x0000000090700000| PB 0x0000000090700000| Complete 
| 264|0x0000000090800000, 0x0000000090800000, 0x0000000090900000|  0%| F|  |TAMS 0x0000000090800000| PB 0x0000000090800000| Untracked 
| 265|0x0000000090900000, 0x0000000090a00000, 0x0000000090a00000|100%| O|  |TAMS 0x0000000090900000| PB 0x0000000090900000| Untracked 
| 266|0x0000000090a00000, 0x0000000090b00000, 0x0000000090b00000|100%| O|  |TAMS 0x0000000090a00000| PB 0x0000000090a00000| Untracked 
| 267|0x0000000090b00000, 0x0000000090c00000, 0x0000000090c00000|100%| O|Cm|TAMS 0x0000000090b00000| PB 0x0000000090b00000| Complete 
| 268|0x0000000090c00000, 0x0000000090d00000, 0x0000000090d00000|100%| O|Cm|TAMS 0x0000000090c00000| PB 0x0000000090c00000| Complete 
| 269|0x0000000090d00000, 0x0000000090e00000, 0x0000000090e00000|100%|HS|  |TAMS 0x0000000090d00000| PB 0x0000000090d00000| Complete 
| 270|0x0000000090e00000, 0x0000000090f00000, 0x0000000090f00000|100%|HC|  |TAMS 0x0000000090e00000| PB 0x0000000090e00000| Complete 
| 271|0x0000000090f00000, 0x0000000091000000, 0x0000000091000000|100%|HS|  |TAMS 0x0000000090f00000| PB 0x0000000090f00000| Complete 
| 272|0x0000000091000000, 0x0000000091100000, 0x0000000091100000|100%|HC|  |TAMS 0x0000000091000000| PB 0x0000000091000000| Complete 
| 273|0x0000000091100000, 0x0000000091200000, 0x0000000091200000|100%|HS|  |TAMS 0x0000000091100000| PB 0x0000000091100000| Complete 
| 274|0x0000000091200000, 0x0000000091300000, 0x0000000091300000|100%|HC|  |TAMS 0x0000000091200000| PB 0x0000000091200000| Complete 
| 275|0x0000000091300000, 0x0000000091400000, 0x0000000091400000|100%|HS|  |TAMS 0x0000000091300000| PB 0x0000000091300000| Complete 
| 276|0x0000000091400000, 0x0000000091500000, 0x0000000091500000|100%|HC|  |TAMS 0x0000000091400000| PB 0x0000000091400000| Complete 
| 277|0x0000000091500000, 0x0000000091600000, 0x0000000091600000|100%|HS|  |TAMS 0x0000000091500000| PB 0x0000000091500000| Complete 
| 278|0x0000000091600000, 0x0000000091700000, 0x0000000091700000|100%|HC|  |TAMS 0x0000000091600000| PB 0x0000000091600000| Complete 
| 279|0x0000000091700000, 0x0000000091800000, 0x0000000091800000|100%|HS|  |TAMS 0x0000000091700000| PB 0x0000000091700000| Complete 
| 280|0x0000000091800000, 0x0000000091900000, 0x0000000091900000|100%|HC|  |TAMS 0x0000000091800000| PB 0x0000000091800000| Complete 
| 281|0x0000000091900000, 0x0000000091a00000, 0x0000000091a00000|100%| O|  |TAMS 0x0000000091900000| PB 0x0000000091900000| Untracked 
| 282|0x0000000091a00000, 0x0000000091a00000, 0x0000000091b00000|  0%| F|  |TAMS 0x0000000091a00000| PB 0x0000000091a00000| Untracked 
| 283|0x0000000091b00000, 0x0000000091c00000, 0x0000000091c00000|100%| O|  |TAMS 0x0000000091b00000| PB 0x0000000091b00000| Untracked 
| 284|0x0000000091c00000, 0x0000000091d00000, 0x0000000091d00000|100%| O|  |TAMS 0x0000000091c00000| PB 0x0000000091c00000| Untracked 
| 285|0x0000000091d00000, 0x0000000091e00000, 0x0000000091e00000|100%| O|  |TAMS 0x0000000091d00000| PB 0x0000000091d00000| Untracked 
| 286|0x0000000091e00000, 0x0000000091f00000, 0x0000000091f00000|100%| O|  |TAMS 0x0000000091e00000| PB 0x0000000091e00000| Untracked 
| 287|0x0000000091f00000, 0x0000000092000000, 0x0000000092000000|100%|HS|  |TAMS 0x0000000091f00000| PB 0x0000000091f00000| Complete 
| 288|0x0000000092000000, 0x0000000092100000, 0x0000000092100000|100%|HC|  |TAMS 0x0000000092000000| PB 0x0000000092000000| Complete 
| 289|0x0000000092100000, 0x0000000092100000, 0x0000000092200000|  0%| F|  |TAMS 0x0000000092100000| PB 0x0000000092100000| Untracked 
| 290|0x0000000092200000, 0x0000000092300000, 0x0000000092300000|100%| O|  |TAMS 0x0000000092200000| PB 0x0000000092200000| Untracked 
| 291|0x0000000092300000, 0x0000000092400000, 0x0000000092400000|100%|HS|  |TAMS 0x0000000092300000| PB 0x0000000092300000| Complete 
| 292|0x0000000092400000, 0x0000000092500000, 0x0000000092500000|100%|HC|  |TAMS 0x0000000092400000| PB 0x0000000092400000| Complete 
| 293|0x0000000092500000, 0x0000000092600000, 0x0000000092600000|100%|HS|  |TAMS 0x0000000092500000| PB 0x0000000092500000| Complete 
| 294|0x0000000092600000, 0x0000000092700000, 0x0000000092700000|100%|HC|  |TAMS 0x0000000092600000| PB 0x0000000092600000| Complete 
| 295|0x0000000092700000, 0x0000000092800000, 0x0000000092800000|100%|HS|  |TAMS 0x0000000092700000| PB 0x0000000092700000| Complete 
| 296|0x0000000092800000, 0x0000000092900000, 0x0000000092900000|100%|HC|  |TAMS 0x0000000092800000| PB 0x0000000092800000| Complete 
| 297|0x0000000092900000, 0x0000000092a00000, 0x0000000092a00000|100%|HS|  |TAMS 0x0000000092900000| PB 0x0000000092900000| Complete 
| 298|0x0000000092a00000, 0x0000000092b00000, 0x0000000092b00000|100%|HC|  |TAMS 0x0000000092a00000| PB 0x0000000092a00000| Complete 
| 299|0x0000000092b00000, 0x0000000092c00000, 0x0000000092c00000|100%|HS|  |TAMS 0x0000000092b00000| PB 0x0000000092b00000| Complete 
| 300|0x0000000092c00000, 0x0000000092d00000, 0x0000000092d00000|100%|HC|  |TAMS 0x0000000092c00000| PB 0x0000000092c00000| Complete 
| 301|0x0000000092d00000, 0x0000000092e00000, 0x0000000092e00000|100%|HS|  |TAMS 0x0000000092d00000| PB 0x0000000092d00000| Complete 
| 302|0x0000000092e00000, 0x0000000092f00000, 0x0000000092f00000|100%|HC|  |TAMS 0x0000000092e00000| PB 0x0000000092e00000| Complete 
| 303|0x0000000092f00000, 0x0000000093000000, 0x0000000093000000|100%|HS|  |TAMS 0x0000000092f00000| PB 0x0000000092f00000| Complete 
| 304|0x0000000093000000, 0x0000000093100000, 0x0000000093100000|100%|HC|  |TAMS 0x0000000093000000| PB 0x0000000093000000| Complete 
| 305|0x0000000093100000, 0x0000000093200000, 0x0000000093200000|100%|HS|  |TAMS 0x0000000093100000| PB 0x0000000093100000| Complete 
| 306|0x0000000093200000, 0x0000000093300000, 0x0000000093300000|100%|HC|  |TAMS 0x0000000093200000| PB 0x0000000093200000| Complete 
| 307|0x0000000093300000, 0x0000000093400000, 0x0000000093400000|100%|HS|  |TAMS 0x0000000093300000| PB 0x0000000093300000| Complete 
| 308|0x0000000093400000, 0x0000000093500000, 0x0000000093500000|100%|HC|  |TAMS 0x0000000093400000| PB 0x0000000093400000| Complete 
| 309|0x0000000093500000, 0x0000000093600000, 0x0000000093600000|100%|HS|  |TAMS 0x0000000093500000| PB 0x0000000093500000| Complete 
| 310|0x0000000093600000, 0x0000000093700000, 0x0000000093700000|100%|HC|  |TAMS 0x0000000093600000| PB 0x0000000093600000| Complete 
| 311|0x0000000093700000, 0x0000000093700000, 0x0000000093800000|  0%| F|  |TAMS 0x0000000093700000| PB 0x0000000093700000| Untracked 
| 312|0x0000000093800000, 0x0000000093900000, 0x0000000093900000|100%| O|  |TAMS 0x0000000093800000| PB 0x0000000093800000| Untracked 
| 313|0x0000000093900000, 0x0000000093a00000, 0x0000000093a00000|100%| O|  |TAMS 0x0000000093900000| PB 0x0000000093900000| Untracked 
| 314|0x0000000093a00000, 0x0000000093b00000, 0x0000000093b00000|100%| O|  |TAMS 0x0000000093a00000| PB 0x0000000093a00000| Untracked 
| 315|0x0000000093b00000, 0x0000000093c00000, 0x0000000093c00000|100%| O|  |TAMS 0x0000000093b00000| PB 0x0000000093b00000| Untracked 
| 316|0x0000000093c00000, 0x0000000093d00000, 0x0000000093d00000|100%| O|  |TAMS 0x0000000093c00000| PB 0x0000000093c00000| Untracked 
| 317|0x0000000093d00000, 0x0000000093e00000, 0x0000000093e00000|100%| O|  |TAMS 0x0000000093d00000| PB 0x0000000093d00000| Untracked 
| 318|0x0000000093e00000, 0x0000000093f00000, 0x0000000093f00000|100%| O|Cm|TAMS 0x0000000093e00000| PB 0x0000000093e00000| Complete 
| 319|0x0000000093f00000, 0x0000000094000000, 0x0000000094000000|100%| O|  |TAMS 0x0000000093f00000| PB 0x0000000093f00000| Untracked 
| 320|0x0000000094000000, 0x0000000094000000, 0x0000000094100000|  0%| F|  |TAMS 0x0000000094000000| PB 0x0000000094000000| Untracked 
| 321|0x0000000094100000, 0x0000000094200000, 0x0000000094200000|100%| O|  |TAMS 0x0000000094100000| PB 0x0000000094100000| Untracked 
| 322|0x0000000094200000, 0x0000000094300000, 0x0000000094300000|100%| O|Cm|TAMS 0x0000000094200000| PB 0x0000000094200000| Complete 
| 323|0x0000000094300000, 0x0000000094400000, 0x0000000094400000|100%| O|Cm|TAMS 0x0000000094300000| PB 0x0000000094300000| Complete 
| 324|0x0000000094400000, 0x0000000094500000, 0x0000000094500000|100%| O|  |TAMS 0x0000000094400000| PB 0x0000000094400000| Untracked 
| 325|0x0000000094500000, 0x0000000094600000, 0x0000000094600000|100%| O|  |TAMS 0x0000000094500000| PB 0x0000000094500000| Untracked 
| 326|0x0000000094600000, 0x0000000094700000, 0x0000000094700000|100%| O|  |TAMS 0x0000000094600000| PB 0x0000000094600000| Untracked 
| 327|0x0000000094700000, 0x0000000094800000, 0x0000000094800000|100%| O|  |TAMS 0x0000000094700000| PB 0x0000000094700000| Untracked 
| 328|0x0000000094800000, 0x0000000094900000, 0x0000000094900000|100%| O|  |TAMS 0x0000000094800000| PB 0x0000000094800000| Untracked 
| 329|0x0000000094900000, 0x0000000094a00000, 0x0000000094a00000|100%| O|  |TAMS 0x0000000094900000| PB 0x0000000094900000| Untracked 
| 330|0x0000000094a00000, 0x0000000094a00000, 0x0000000094b00000|  0%| F|  |TAMS 0x0000000094a00000| PB 0x0000000094a00000| Untracked 
| 331|0x0000000094b00000, 0x0000000094c00000, 0x0000000094c00000|100%| O|Cm|TAMS 0x0000000094b00000| PB 0x0000000094b00000| Complete 
| 332|0x0000000094c00000, 0x0000000094c00000, 0x0000000094d00000|  0%| F|  |TAMS 0x0000000094c00000| PB 0x0000000094c00000| Untracked 
| 333|0x0000000094d00000, 0x0000000094e00000, 0x0000000094e00000|100%| O|  |TAMS 0x0000000094d00000| PB 0x0000000094d00000| Untracked 
| 334|0x0000000094e00000, 0x0000000094f00000, 0x0000000094f00000|100%| O|  |TAMS 0x0000000094e00000| PB 0x0000000094e00000| Untracked 
| 335|0x0000000094f00000, 0x0000000094f00000, 0x0000000095000000|  0%| F|  |TAMS 0x0000000094f00000| PB 0x0000000094f00000| Untracked 
| 336|0x0000000095000000, 0x0000000095100000, 0x0000000095100000|100%| O|  |TAMS 0x0000000095000000| PB 0x0000000095000000| Untracked 
| 337|0x0000000095100000, 0x0000000095100000, 0x0000000095200000|  0%| F|  |TAMS 0x0000000095100000| PB 0x0000000095100000| Untracked 
| 338|0x0000000095200000, 0x0000000095300000, 0x0000000095300000|100%| O|  |TAMS 0x0000000095200000| PB 0x0000000095200000| Untracked 
| 339|0x0000000095300000, 0x0000000095300000, 0x0000000095400000|  0%| F|  |TAMS 0x0000000095300000| PB 0x0000000095300000| Untracked 
| 340|0x0000000095400000, 0x0000000095500000, 0x0000000095500000|100%| O|  |TAMS 0x0000000095400000| PB 0x0000000095400000| Untracked 
| 341|0x0000000095500000, 0x0000000095600000, 0x0000000095600000|100%| O|  |TAMS 0x0000000095500000| PB 0x0000000095500000| Untracked 
| 342|0x0000000095600000, 0x0000000095600000, 0x0000000095700000|  0%| F|  |TAMS 0x0000000095600000| PB 0x0000000095600000| Untracked 
| 343|0x0000000095700000, 0x0000000095800000, 0x0000000095800000|100%| O|  |TAMS 0x0000000095700000| PB 0x0000000095700000| Untracked 
| 344|0x0000000095800000, 0x0000000095900000, 0x0000000095900000|100%|HS|  |TAMS 0x0000000095800000| PB 0x0000000095800000| Complete 
| 345|0x0000000095900000, 0x0000000095a00000, 0x0000000095a00000|100%|HC|  |TAMS 0x0000000095900000| PB 0x0000000095900000| Complete 
| 346|0x0000000095a00000, 0x0000000095b00000, 0x0000000095b00000|100%| O|  |TAMS 0x0000000095a00000| PB 0x0000000095a00000| Untracked 
| 347|0x0000000095b00000, 0x0000000095c00000, 0x0000000095c00000|100%| O|  |TAMS 0x0000000095b00000| PB 0x0000000095b00000| Untracked 
| 348|0x0000000095c00000, 0x0000000095d00000, 0x0000000095d00000|100%| O|  |TAMS 0x0000000095c00000| PB 0x0000000095c00000| Untracked 
| 349|0x0000000095d00000, 0x0000000095e00000, 0x0000000095e00000|100%| O|Cm|TAMS 0x0000000095d00000| PB 0x0000000095d00000| Complete 
| 350|0x0000000095e00000, 0x0000000095f00000, 0x0000000095f00000|100%| O|  |TAMS 0x0000000095e00000| PB 0x0000000095e00000| Untracked 
| 351|0x0000000095f00000, 0x0000000096000000, 0x0000000096000000|100%| O|Cm|TAMS 0x0000000095f00000| PB 0x0000000095f00000| Complete 
| 352|0x0000000096000000, 0x0000000096100000, 0x0000000096100000|100%|HS|  |TAMS 0x0000000096000000| PB 0x0000000096000000| Complete 
| 353|0x0000000096100000, 0x0000000096200000, 0x0000000096200000|100%|HC|  |TAMS 0x0000000096100000| PB 0x0000000096100000| Complete 
| 354|0x0000000096200000, 0x0000000096300000, 0x0000000096300000|100%|HS|  |TAMS 0x0000000096200000| PB 0x0000000096200000| Complete 
| 355|0x0000000096300000, 0x0000000096400000, 0x0000000096400000|100%|HC|  |TAMS 0x0000000096300000| PB 0x0000000096300000| Complete 
| 356|0x0000000096400000, 0x0000000096500000, 0x0000000096500000|100%|HS|  |TAMS 0x0000000096400000| PB 0x0000000096400000| Complete 
| 357|0x0000000096500000, 0x0000000096600000, 0x0000000096600000|100%|HC|  |TAMS 0x0000000096500000| PB 0x0000000096500000| Complete 
| 358|0x0000000096600000, 0x0000000096700000, 0x0000000096700000|100%|HS|  |TAMS 0x0000000096600000| PB 0x0000000096600000| Complete 
| 359|0x0000000096700000, 0x0000000096800000, 0x0000000096800000|100%|HC|  |TAMS 0x0000000096700000| PB 0x0000000096700000| Complete 
| 360|0x0000000096800000, 0x0000000096900000, 0x0000000096900000|100%|HS|  |TAMS 0x0000000096800000| PB 0x0000000096800000| Complete 
| 361|0x0000000096900000, 0x0000000096a00000, 0x0000000096a00000|100%|HC|  |TAMS 0x0000000096900000| PB 0x0000000096900000| Complete 
| 362|0x0000000096a00000, 0x0000000096b00000, 0x0000000096b00000|100%|HS|  |TAMS 0x0000000096a00000| PB 0x0000000096a00000| Complete 
| 363|0x0000000096b00000, 0x0000000096c00000, 0x0000000096c00000|100%|HC|  |TAMS 0x0000000096b00000| PB 0x0000000096b00000| Complete 
| 364|0x0000000096c00000, 0x0000000096d00000, 0x0000000096d00000|100%|HS|  |TAMS 0x0000000096c00000| PB 0x0000000096c00000| Complete 
| 365|0x0000000096d00000, 0x0000000096e00000, 0x0000000096e00000|100%|HC|  |TAMS 0x0000000096d00000| PB 0x0000000096d00000| Complete 
| 366|0x0000000096e00000, 0x0000000096f00000, 0x0000000096f00000|100%|HS|  |TAMS 0x0000000096e00000| PB 0x0000000096e00000| Complete 
| 367|0x0000000096f00000, 0x0000000097000000, 0x0000000097000000|100%|HC|  |TAMS 0x0000000096f00000| PB 0x0000000096f00000| Complete 
| 368|0x0000000097000000, 0x0000000097100000, 0x0000000097100000|100%|HS|  |TAMS 0x0000000097000000| PB 0x0000000097000000| Complete 
| 369|0x0000000097100000, 0x0000000097200000, 0x0000000097200000|100%|HC|  |TAMS 0x0000000097100000| PB 0x0000000097100000| Complete 
| 370|0x0000000097200000, 0x0000000097300000, 0x0000000097300000|100%|HS|  |TAMS 0x0000000097200000| PB 0x0000000097200000| Complete 
| 371|0x0000000097300000, 0x0000000097400000, 0x0000000097400000|100%|HC|  |TAMS 0x0000000097300000| PB 0x0000000097300000| Complete 
| 372|0x0000000097400000, 0x0000000097500000, 0x0000000097500000|100%|HS|  |TAMS 0x0000000097400000| PB 0x0000000097400000| Complete 
| 373|0x0000000097500000, 0x0000000097600000, 0x0000000097600000|100%|HC|  |TAMS 0x0000000097500000| PB 0x0000000097500000| Complete 
| 374|0x0000000097600000, 0x0000000097700000, 0x0000000097700000|100%|HS|  |TAMS 0x0000000097600000| PB 0x0000000097600000| Complete 
| 375|0x0000000097700000, 0x0000000097800000, 0x0000000097800000|100%|HC|  |TAMS 0x0000000097700000| PB 0x0000000097700000| Complete 
| 376|0x0000000097800000, 0x0000000097900000, 0x0000000097900000|100%|HS|  |TAMS 0x0000000097800000| PB 0x0000000097800000| Complete 
| 377|0x0000000097900000, 0x0000000097a00000, 0x0000000097a00000|100%|HC|  |TAMS 0x0000000097900000| PB 0x0000000097900000| Complete 
| 378|0x0000000097a00000, 0x0000000097b00000, 0x0000000097b00000|100%|HS|  |TAMS 0x0000000097a00000| PB 0x0000000097a00000| Complete 
| 379|0x0000000097b00000, 0x0000000097c00000, 0x0000000097c00000|100%|HC|  |TAMS 0x0000000097b00000| PB 0x0000000097b00000| Complete 
| 380|0x0000000097c00000, 0x0000000097d00000, 0x0000000097d00000|100%|HS|  |TAMS 0x0000000097c00000| PB 0x0000000097c00000| Complete 
| 381|0x0000000097d00000, 0x0000000097e00000, 0x0000000097e00000|100%|HC|  |TAMS 0x0000000097d00000| PB 0x0000000097d00000| Complete 
| 382|0x0000000097e00000, 0x0000000097f00000, 0x0000000097f00000|100%|HS|  |TAMS 0x0000000097e00000| PB 0x0000000097e00000| Complete 
| 383|0x0000000097f00000, 0x0000000098000000, 0x0000000098000000|100%|HC|  |TAMS 0x0000000097f00000| PB 0x0000000097f00000| Complete 
| 384|0x0000000098000000, 0x0000000098100000, 0x0000000098100000|100%|HS|  |TAMS 0x0000000098000000| PB 0x0000000098000000| Complete 
| 385|0x0000000098100000, 0x0000000098200000, 0x0000000098200000|100%|HC|  |TAMS 0x0000000098100000| PB 0x0000000098100000| Complete 
| 386|0x0000000098200000, 0x0000000098300000, 0x0000000098300000|100%|HS|  |TAMS 0x0000000098200000| PB 0x0000000098200000| Complete 
| 387|0x0000000098300000, 0x0000000098400000, 0x0000000098400000|100%|HC|  |TAMS 0x0000000098300000| PB 0x0000000098300000| Complete 
| 388|0x0000000098400000, 0x0000000098500000, 0x0000000098500000|100%|HS|  |TAMS 0x0000000098400000| PB 0x0000000098400000| Complete 
| 389|0x0000000098500000, 0x0000000098600000, 0x0000000098600000|100%|HC|  |TAMS 0x0000000098500000| PB 0x0000000098500000| Complete 
| 390|0x0000000098600000, 0x0000000098700000, 0x0000000098700000|100%|HS|  |TAMS 0x0000000098600000| PB 0x0000000098600000| Complete 
| 391|0x0000000098700000, 0x0000000098800000, 0x0000000098800000|100%|HC|  |TAMS 0x0000000098700000| PB 0x0000000098700000| Complete 
| 392|0x0000000098800000, 0x0000000098900000, 0x0000000098900000|100%|HS|  |TAMS 0x0000000098800000| PB 0x0000000098800000| Complete 
| 393|0x0000000098900000, 0x0000000098a00000, 0x0000000098a00000|100%|HC|  |TAMS 0x0000000098900000| PB 0x0000000098900000| Complete 
| 394|0x0000000098a00000, 0x0000000098b00000, 0x0000000098b00000|100%|HS|  |TAMS 0x0000000098a00000| PB 0x0000000098a00000| Complete 
| 395|0x0000000098b00000, 0x0000000098c00000, 0x0000000098c00000|100%|HC|  |TAMS 0x0000000098b00000| PB 0x0000000098b00000| Complete 
| 396|0x0000000098c00000, 0x0000000098d00000, 0x0000000098d00000|100%|HS|  |TAMS 0x0000000098c00000| PB 0x0000000098c00000| Complete 
| 397|0x0000000098d00000, 0x0000000098e00000, 0x0000000098e00000|100%|HC|  |TAMS 0x0000000098d00000| PB 0x0000000098d00000| Complete 
| 398|0x0000000098e00000, 0x0000000098f00000, 0x0000000098f00000|100%|HS|  |TAMS 0x0000000098e00000| PB 0x0000000098e00000| Complete 
| 399|0x0000000098f00000, 0x0000000099000000, 0x0000000099000000|100%|HC|  |TAMS 0x0000000098f00000| PB 0x0000000098f00000| Complete 
| 400|0x0000000099000000, 0x0000000099100000, 0x0000000099100000|100%|HS|  |TAMS 0x0000000099000000| PB 0x0000000099000000| Complete 
| 401|0x0000000099100000, 0x0000000099200000, 0x0000000099200000|100%|HC|  |TAMS 0x0000000099100000| PB 0x0000000099100000| Complete 
| 402|0x0000000099200000, 0x0000000099300000, 0x0000000099300000|100%|HS|  |TAMS 0x0000000099200000| PB 0x0000000099200000| Complete 
| 403|0x0000000099300000, 0x0000000099400000, 0x0000000099400000|100%|HC|  |TAMS 0x0000000099300000| PB 0x0000000099300000| Complete 
| 404|0x0000000099400000, 0x0000000099500000, 0x0000000099500000|100%|HS|  |TAMS 0x0000000099400000| PB 0x0000000099400000| Complete 
| 405|0x0000000099500000, 0x0000000099600000, 0x0000000099600000|100%|HC|  |TAMS 0x0000000099500000| PB 0x0000000099500000| Complete 
| 406|0x0000000099600000, 0x0000000099700000, 0x0000000099700000|100%|HS|  |TAMS 0x0000000099600000| PB 0x0000000099600000| Complete 
| 407|0x0000000099700000, 0x0000000099800000, 0x0000000099800000|100%|HC|  |TAMS 0x0000000099700000| PB 0x0000000099700000| Complete 
| 408|0x0000000099800000, 0x0000000099900000, 0x0000000099900000|100%|HS|  |TAMS 0x0000000099800000| PB 0x0000000099800000| Complete 
| 409|0x0000000099900000, 0x0000000099a00000, 0x0000000099a00000|100%|HC|  |TAMS 0x0000000099900000| PB 0x0000000099900000| Complete 
| 410|0x0000000099a00000, 0x0000000099b00000, 0x0000000099b00000|100%|HS|  |TAMS 0x0000000099a00000| PB 0x0000000099a00000| Complete 
| 411|0x0000000099b00000, 0x0000000099c00000, 0x0000000099c00000|100%|HC|  |TAMS 0x0000000099b00000| PB 0x0000000099b00000| Complete 
| 412|0x0000000099c00000, 0x0000000099d00000, 0x0000000099d00000|100%|HS|  |TAMS 0x0000000099c00000| PB 0x0000000099c00000| Complete 
| 413|0x0000000099d00000, 0x0000000099e00000, 0x0000000099e00000|100%|HC|  |TAMS 0x0000000099d00000| PB 0x0000000099d00000| Complete 
| 414|0x0000000099e00000, 0x0000000099f00000, 0x0000000099f00000|100%|HS|  |TAMS 0x0000000099e00000| PB 0x0000000099e00000| Complete 
| 415|0x0000000099f00000, 0x000000009a000000, 0x000000009a000000|100%|HC|  |TAMS 0x0000000099f00000| PB 0x0000000099f00000| Complete 
| 416|0x000000009a000000, 0x000000009a100000, 0x000000009a100000|100%|HS|  |TAMS 0x000000009a000000| PB 0x000000009a000000| Complete 
| 417|0x000000009a100000, 0x000000009a200000, 0x000000009a200000|100%|HC|  |TAMS 0x000000009a100000| PB 0x000000009a100000| Complete 
| 418|0x000000009a200000, 0x000000009a300000, 0x000000009a300000|100%|HS|  |TAMS 0x000000009a200000| PB 0x000000009a200000| Complete 
| 419|0x000000009a300000, 0x000000009a400000, 0x000000009a400000|100%|HC|  |TAMS 0x000000009a300000| PB 0x000000009a300000| Complete 
| 420|0x000000009a400000, 0x000000009a500000, 0x000000009a500000|100%|HS|  |TAMS 0x000000009a400000| PB 0x000000009a400000| Complete 
| 421|0x000000009a500000, 0x000000009a600000, 0x000000009a600000|100%|HC|  |TAMS 0x000000009a500000| PB 0x000000009a500000| Complete 
| 422|0x000000009a600000, 0x000000009a700000, 0x000000009a700000|100%|HS|  |TAMS 0x000000009a600000| PB 0x000000009a600000| Complete 
| 423|0x000000009a700000, 0x000000009a800000, 0x000000009a800000|100%|HC|  |TAMS 0x000000009a700000| PB 0x000000009a700000| Complete 
| 424|0x000000009a800000, 0x000000009a900000, 0x000000009a900000|100%|HS|  |TAMS 0x000000009a800000| PB 0x000000009a800000| Complete 
| 425|0x000000009a900000, 0x000000009aa00000, 0x000000009aa00000|100%|HC|  |TAMS 0x000000009a900000| PB 0x000000009a900000| Complete 
| 426|0x000000009aa00000, 0x000000009aa00000, 0x000000009ab00000|  0%| F|  |TAMS 0x000000009aa00000| PB 0x000000009aa00000| Untracked 
| 427|0x000000009ab00000, 0x000000009ab00000, 0x000000009ac00000|  0%| F|  |TAMS 0x000000009ab00000| PB 0x000000009ab00000| Untracked 
| 428|0x000000009ac00000, 0x000000009ac00000, 0x000000009ad00000|  0%| F|  |TAMS 0x000000009ac00000| PB 0x000000009ac00000| Untracked 
| 429|0x000000009ad00000, 0x000000009ad00000, 0x000000009ae00000|  0%| F|  |TAMS 0x000000009ad00000| PB 0x000000009ad00000| Untracked 
| 430|0x000000009ae00000, 0x000000009ae00000, 0x000000009af00000|  0%| F|  |TAMS 0x000000009ae00000| PB 0x000000009ae00000| Untracked 
| 431|0x000000009af00000, 0x000000009af00000, 0x000000009b000000|  0%| F|  |TAMS 0x000000009af00000| PB 0x000000009af00000| Untracked 
| 432|0x000000009b000000, 0x000000009b000000, 0x000000009b100000|  0%| F|  |TAMS 0x000000009b000000| PB 0x000000009b000000| Untracked 
| 433|0x000000009b100000, 0x000000009b100000, 0x000000009b200000|  0%| F|  |TAMS 0x000000009b100000| PB 0x000000009b100000| Untracked 
| 434|0x000000009b200000, 0x000000009b200000, 0x000000009b300000|  0%| F|  |TAMS 0x000000009b200000| PB 0x000000009b200000| Untracked 
| 435|0x000000009b300000, 0x000000009b300000, 0x000000009b400000|  0%| F|  |TAMS 0x000000009b300000| PB 0x000000009b300000| Untracked 
| 436|0x000000009b400000, 0x000000009b400000, 0x000000009b500000|  0%| F|  |TAMS 0x000000009b400000| PB 0x000000009b400000| Untracked 
| 437|0x000000009b500000, 0x000000009b500000, 0x000000009b600000|  0%| F|  |TAMS 0x000000009b500000| PB 0x000000009b500000| Untracked 
| 438|0x000000009b600000, 0x000000009b600000, 0x000000009b700000|  0%| F|  |TAMS 0x000000009b600000| PB 0x000000009b600000| Untracked 
| 439|0x000000009b700000, 0x000000009b700000, 0x000000009b800000|  0%| F|  |TAMS 0x000000009b700000| PB 0x000000009b700000| Untracked 
| 440|0x000000009b800000, 0x000000009b800000, 0x000000009b900000|  0%| F|  |TAMS 0x000000009b800000| PB 0x000000009b800000| Untracked 
| 441|0x000000009b900000, 0x000000009b900000, 0x000000009ba00000|  0%| F|  |TAMS 0x000000009b900000| PB 0x000000009b900000| Untracked 
| 442|0x000000009ba00000, 0x000000009ba00000, 0x000000009bb00000|  0%| F|  |TAMS 0x000000009ba00000| PB 0x000000009ba00000| Untracked 
| 443|0x000000009bb00000, 0x000000009bb00000, 0x000000009bc00000|  0%| F|  |TAMS 0x000000009bb00000| PB 0x000000009bb00000| Untracked 
| 444|0x000000009bc00000, 0x000000009bc00000, 0x000000009bd00000|  0%| F|  |TAMS 0x000000009bc00000| PB 0x000000009bc00000| Untracked 
| 445|0x000000009bd00000, 0x000000009bd00000, 0x000000009be00000|  0%| F|  |TAMS 0x000000009bd00000| PB 0x000000009bd00000| Untracked 
| 446|0x000000009be00000, 0x000000009be00000, 0x000000009bf00000|  0%| F|  |TAMS 0x000000009be00000| PB 0x000000009be00000| Untracked 
| 447|0x000000009bf00000, 0x000000009bf00000, 0x000000009c000000|  0%| F|  |TAMS 0x000000009bf00000| PB 0x000000009bf00000| Untracked 
| 448|0x000000009c000000, 0x000000009c000000, 0x000000009c100000|  0%| F|  |TAMS 0x000000009c000000| PB 0x000000009c000000| Untracked 
| 449|0x000000009c100000, 0x000000009c100000, 0x000000009c200000|  0%| F|  |TAMS 0x000000009c100000| PB 0x000000009c100000| Untracked 
| 450|0x000000009c200000, 0x000000009c200000, 0x000000009c300000|  0%| F|  |TAMS 0x000000009c200000| PB 0x000000009c200000| Untracked 
| 451|0x000000009c300000, 0x000000009c300000, 0x000000009c400000|  0%| F|  |TAMS 0x000000009c300000| PB 0x000000009c300000| Untracked 
| 452|0x000000009c400000, 0x000000009c400000, 0x000000009c500000|  0%| F|  |TAMS 0x000000009c400000| PB 0x000000009c400000| Untracked 
| 453|0x000000009c500000, 0x000000009c500000, 0x000000009c600000|  0%| F|  |TAMS 0x000000009c500000| PB 0x000000009c500000| Untracked 
| 454|0x000000009c600000, 0x000000009c600000, 0x000000009c700000|  0%| F|  |TAMS 0x000000009c600000| PB 0x000000009c600000| Untracked 
| 455|0x000000009c700000, 0x000000009c700000, 0x000000009c800000|  0%| F|  |TAMS 0x000000009c700000| PB 0x000000009c700000| Untracked 
| 456|0x000000009c800000, 0x000000009c800000, 0x000000009c900000|  0%| F|  |TAMS 0x000000009c800000| PB 0x000000009c800000| Untracked 
| 457|0x000000009c900000, 0x000000009c900000, 0x000000009ca00000|  0%| F|  |TAMS 0x000000009c900000| PB 0x000000009c900000| Untracked 
| 458|0x000000009ca00000, 0x000000009ca00000, 0x000000009cb00000|  0%| F|  |TAMS 0x000000009ca00000| PB 0x000000009ca00000| Untracked 
| 459|0x000000009cb00000, 0x000000009cb00000, 0x000000009cc00000|  0%| F|  |TAMS 0x000000009cb00000| PB 0x000000009cb00000| Untracked 
| 460|0x000000009cc00000, 0x000000009cc00000, 0x000000009cd00000|  0%| F|  |TAMS 0x000000009cc00000| PB 0x000000009cc00000| Untracked 
| 461|0x000000009cd00000, 0x000000009cd00000, 0x000000009ce00000|  0%| F|  |TAMS 0x000000009cd00000| PB 0x000000009cd00000| Untracked 
| 462|0x000000009ce00000, 0x000000009ce00000, 0x000000009cf00000|  0%| F|  |TAMS 0x000000009ce00000| PB 0x000000009ce00000| Untracked 
| 463|0x000000009cf00000, 0x000000009cf00000, 0x000000009d000000|  0%| F|  |TAMS 0x000000009cf00000| PB 0x000000009cf00000| Untracked 
| 464|0x000000009d000000, 0x000000009d000000, 0x000000009d100000|  0%| F|  |TAMS 0x000000009d000000| PB 0x000000009d000000| Untracked 
| 465|0x000000009d100000, 0x000000009d100000, 0x000000009d200000|  0%| F|  |TAMS 0x000000009d100000| PB 0x000000009d100000| Untracked 
| 466|0x000000009d200000, 0x000000009d200000, 0x000000009d300000|  0%| F|  |TAMS 0x000000009d200000| PB 0x000000009d200000| Untracked 
| 467|0x000000009d300000, 0x000000009d300000, 0x000000009d400000|  0%| F|  |TAMS 0x000000009d300000| PB 0x000000009d300000| Untracked 
| 468|0x000000009d400000, 0x000000009d400000, 0x000000009d500000|  0%| F|  |TAMS 0x000000009d400000| PB 0x000000009d400000| Untracked 
| 469|0x000000009d500000, 0x000000009d500000, 0x000000009d600000|  0%| F|  |TAMS 0x000000009d500000| PB 0x000000009d500000| Untracked 
| 470|0x000000009d600000, 0x000000009d600000, 0x000000009d700000|  0%| F|  |TAMS 0x000000009d600000| PB 0x000000009d600000| Untracked 
| 471|0x000000009d700000, 0x000000009d700000, 0x000000009d800000|  0%| F|  |TAMS 0x000000009d700000| PB 0x000000009d700000| Untracked 
| 472|0x000000009d800000, 0x000000009d800000, 0x000000009d900000|  0%| F|  |TAMS 0x000000009d800000| PB 0x000000009d800000| Untracked 
| 473|0x000000009d900000, 0x000000009d900000, 0x000000009da00000|  0%| F|  |TAMS 0x000000009d900000| PB 0x000000009d900000| Untracked 
| 474|0x000000009da00000, 0x000000009da00000, 0x000000009db00000|  0%| F|  |TAMS 0x000000009da00000| PB 0x000000009da00000| Untracked 
| 475|0x000000009db00000, 0x000000009db00000, 0x000000009dc00000|  0%| F|  |TAMS 0x000000009db00000| PB 0x000000009db00000| Untracked 
| 476|0x000000009dc00000, 0x000000009dc00000, 0x000000009dd00000|  0%| F|  |TAMS 0x000000009dc00000| PB 0x000000009dc00000| Untracked 
| 477|0x000000009dd00000, 0x000000009dd00000, 0x000000009de00000|  0%| F|  |TAMS 0x000000009dd00000| PB 0x000000009dd00000| Untracked 
| 478|0x000000009de00000, 0x000000009de00000, 0x000000009df00000|  0%| F|  |TAMS 0x000000009de00000| PB 0x000000009de00000| Untracked 
| 479|0x000000009df00000, 0x000000009df00000, 0x000000009e000000|  0%| F|  |TAMS 0x000000009df00000| PB 0x000000009df00000| Untracked 
| 480|0x000000009e000000, 0x000000009e000000, 0x000000009e100000|  0%| F|  |TAMS 0x000000009e000000| PB 0x000000009e000000| Untracked 
| 481|0x000000009e100000, 0x000000009e100000, 0x000000009e200000|  0%| F|  |TAMS 0x000000009e100000| PB 0x000000009e100000| Untracked 
| 482|0x000000009e200000, 0x000000009e200000, 0x000000009e300000|  0%| F|  |TAMS 0x000000009e200000| PB 0x000000009e200000| Untracked 
| 483|0x000000009e300000, 0x000000009e300000, 0x000000009e400000|  0%| F|  |TAMS 0x000000009e300000| PB 0x000000009e300000| Untracked 
| 484|0x000000009e400000, 0x000000009e400000, 0x000000009e500000|  0%| F|  |TAMS 0x000000009e400000| PB 0x000000009e400000| Untracked 
| 485|0x000000009e500000, 0x000000009e500000, 0x000000009e600000|  0%| F|  |TAMS 0x000000009e500000| PB 0x000000009e500000| Untracked 
| 486|0x000000009e600000, 0x000000009e600000, 0x000000009e700000|  0%| F|  |TAMS 0x000000009e600000| PB 0x000000009e600000| Untracked 
| 487|0x000000009e700000, 0x000000009e700000, 0x000000009e800000|  0%| F|  |TAMS 0x000000009e700000| PB 0x000000009e700000| Untracked 
| 488|0x000000009e800000, 0x000000009e800000, 0x000000009e900000|  0%| F|  |TAMS 0x000000009e800000| PB 0x000000009e800000| Untracked 
| 489|0x000000009e900000, 0x000000009e900000, 0x000000009ea00000|  0%| F|  |TAMS 0x000000009e900000| PB 0x000000009e900000| Untracked 
| 490|0x000000009ea00000, 0x000000009ea00000, 0x000000009eb00000|  0%| F|  |TAMS 0x000000009ea00000| PB 0x000000009ea00000| Untracked 
| 491|0x000000009eb00000, 0x000000009eb00000, 0x000000009ec00000|  0%| F|  |TAMS 0x000000009eb00000| PB 0x000000009eb00000| Untracked 
| 492|0x000000009ec00000, 0x000000009ec00000, 0x000000009ed00000|  0%| F|  |TAMS 0x000000009ec00000| PB 0x000000009ec00000| Untracked 
| 493|0x000000009ed00000, 0x000000009ed00000, 0x000000009ee00000|  0%| F|  |TAMS 0x000000009ed00000| PB 0x000000009ed00000| Untracked 
| 494|0x000000009ee00000, 0x000000009ee00000, 0x000000009ef00000|  0%| F|  |TAMS 0x000000009ee00000| PB 0x000000009ee00000| Untracked 
| 495|0x000000009ef00000, 0x000000009ef00000, 0x000000009f000000|  0%| F|  |TAMS 0x000000009ef00000| PB 0x000000009ef00000| Untracked 
| 496|0x000000009f000000, 0x000000009f000000, 0x000000009f100000|  0%| F|  |TAMS 0x000000009f000000| PB 0x000000009f000000| Untracked 
| 497|0x000000009f100000, 0x000000009f100000, 0x000000009f200000|  0%| F|  |TAMS 0x000000009f100000| PB 0x000000009f100000| Untracked 
| 498|0x000000009f200000, 0x000000009f200000, 0x000000009f300000|  0%| F|  |TAMS 0x000000009f200000| PB 0x000000009f200000| Untracked 
| 499|0x000000009f300000, 0x000000009f300000, 0x000000009f400000|  0%| F|  |TAMS 0x000000009f300000| PB 0x000000009f300000| Untracked 
| 500|0x000000009f400000, 0x000000009f400000, 0x000000009f500000|  0%| F|  |TAMS 0x000000009f400000| PB 0x000000009f400000| Untracked 
| 501|0x000000009f500000, 0x000000009f500000, 0x000000009f600000|  0%| F|  |TAMS 0x000000009f500000| PB 0x000000009f500000| Untracked 
| 502|0x000000009f600000, 0x000000009f600000, 0x000000009f700000|  0%| F|  |TAMS 0x000000009f600000| PB 0x000000009f600000| Untracked 
| 503|0x000000009f700000, 0x000000009f700000, 0x000000009f800000|  0%| F|  |TAMS 0x000000009f700000| PB 0x000000009f700000| Untracked 
| 504|0x000000009f800000, 0x000000009f800000, 0x000000009f900000|  0%| F|  |TAMS 0x000000009f800000| PB 0x000000009f800000| Untracked 
| 505|0x000000009f900000, 0x000000009f900000, 0x000000009fa00000|  0%| F|  |TAMS 0x000000009f900000| PB 0x000000009f900000| Untracked 
| 506|0x000000009fa00000, 0x000000009fa00000, 0x000000009fb00000|  0%| F|  |TAMS 0x000000009fa00000| PB 0x000000009fa00000| Untracked 
| 507|0x000000009fb00000, 0x000000009fb00000, 0x000000009fc00000|  0%| F|  |TAMS 0x000000009fb00000| PB 0x000000009fb00000| Untracked 
| 508|0x000000009fc00000, 0x000000009fc00000, 0x000000009fd00000|  0%| F|  |TAMS 0x000000009fc00000| PB 0x000000009fc00000| Untracked 
| 509|0x000000009fd00000, 0x000000009fd00000, 0x000000009fe00000|  0%| F|  |TAMS 0x000000009fd00000| PB 0x000000009fd00000| Untracked 
| 510|0x000000009fe00000, 0x000000009fe00000, 0x000000009ff00000|  0%| F|  |TAMS 0x000000009fe00000| PB 0x000000009fe00000| Untracked 
| 511|0x000000009ff00000, 0x000000009ff00000, 0x00000000a0000000|  0%| F|  |TAMS 0x000000009ff00000| PB 0x000000009ff00000| Untracked 
| 512|0x00000000a0000000, 0x00000000a0000000, 0x00000000a0100000|  0%| F|  |TAMS 0x00000000a0000000| PB 0x00000000a0000000| Untracked 
| 513|0x00000000a0100000, 0x00000000a0100000, 0x00000000a0200000|  0%| F|  |TAMS 0x00000000a0100000| PB 0x00000000a0100000| Untracked 
| 514|0x00000000a0200000, 0x00000000a0200000, 0x00000000a0300000|  0%| F|  |TAMS 0x00000000a0200000| PB 0x00000000a0200000| Untracked 
| 515|0x00000000a0300000, 0x00000000a0300000, 0x00000000a0400000|  0%| F|  |TAMS 0x00000000a0300000| PB 0x00000000a0300000| Untracked 
| 516|0x00000000a0400000, 0x00000000a0400000, 0x00000000a0500000|  0%| F|  |TAMS 0x00000000a0400000| PB 0x00000000a0400000| Untracked 
| 517|0x00000000a0500000, 0x00000000a0500000, 0x00000000a0600000|  0%| F|  |TAMS 0x00000000a0500000| PB 0x00000000a0500000| Untracked 
| 518|0x00000000a0600000, 0x00000000a0600000, 0x00000000a0700000|  0%| F|  |TAMS 0x00000000a0600000| PB 0x00000000a0600000| Untracked 
| 519|0x00000000a0700000, 0x00000000a0700000, 0x00000000a0800000|  0%| F|  |TAMS 0x00000000a0700000| PB 0x00000000a0700000| Untracked 
| 520|0x00000000a0800000, 0x00000000a0800000, 0x00000000a0900000|  0%| F|  |TAMS 0x00000000a0800000| PB 0x00000000a0800000| Untracked 
| 521|0x00000000a0900000, 0x00000000a0900000, 0x00000000a0a00000|  0%| F|  |TAMS 0x00000000a0900000| PB 0x00000000a0900000| Untracked 
| 522|0x00000000a0a00000, 0x00000000a0a00000, 0x00000000a0b00000|  0%| F|  |TAMS 0x00000000a0a00000| PB 0x00000000a0a00000| Untracked 
| 523|0x00000000a0b00000, 0x00000000a0b00000, 0x00000000a0c00000|  0%| F|  |TAMS 0x00000000a0b00000| PB 0x00000000a0b00000| Untracked 
| 524|0x00000000a0c00000, 0x00000000a0c00000, 0x00000000a0d00000|  0%| F|  |TAMS 0x00000000a0c00000| PB 0x00000000a0c00000| Untracked 
| 525|0x00000000a0d00000, 0x00000000a0d00000, 0x00000000a0e00000|  0%| F|  |TAMS 0x00000000a0d00000| PB 0x00000000a0d00000| Untracked 
| 526|0x00000000a0e00000, 0x00000000a0e00000, 0x00000000a0f00000|  0%| F|  |TAMS 0x00000000a0e00000| PB 0x00000000a0e00000| Untracked 
| 527|0x00000000a0f00000, 0x00000000a0f00000, 0x00000000a1000000|  0%| F|  |TAMS 0x00000000a0f00000| PB 0x00000000a0f00000| Untracked 
| 528|0x00000000a1000000, 0x00000000a1000000, 0x00000000a1100000|  0%| F|  |TAMS 0x00000000a1000000| PB 0x00000000a1000000| Untracked 
| 529|0x00000000a1100000, 0x00000000a1100000, 0x00000000a1200000|  0%| F|  |TAMS 0x00000000a1100000| PB 0x00000000a1100000| Untracked 
| 530|0x00000000a1200000, 0x00000000a1200000, 0x00000000a1300000|  0%| F|  |TAMS 0x00000000a1200000| PB 0x00000000a1200000| Untracked 
| 531|0x00000000a1300000, 0x00000000a1300000, 0x00000000a1400000|  0%| F|  |TAMS 0x00000000a1300000| PB 0x00000000a1300000| Untracked 
| 532|0x00000000a1400000, 0x00000000a1400000, 0x00000000a1500000|  0%| F|  |TAMS 0x00000000a1400000| PB 0x00000000a1400000| Untracked 
| 533|0x00000000a1500000, 0x00000000a1500000, 0x00000000a1600000|  0%| F|  |TAMS 0x00000000a1500000| PB 0x00000000a1500000| Untracked 
| 534|0x00000000a1600000, 0x00000000a1600000, 0x00000000a1700000|  0%| F|  |TAMS 0x00000000a1600000| PB 0x00000000a1600000| Untracked 
| 535|0x00000000a1700000, 0x00000000a1700000, 0x00000000a1800000|  0%| F|  |TAMS 0x00000000a1700000| PB 0x00000000a1700000| Untracked 
| 536|0x00000000a1800000, 0x00000000a1800000, 0x00000000a1900000|  0%| F|  |TAMS 0x00000000a1800000| PB 0x00000000a1800000| Untracked 
| 537|0x00000000a1900000, 0x00000000a1900000, 0x00000000a1a00000|  0%| F|  |TAMS 0x00000000a1900000| PB 0x00000000a1900000| Untracked 
| 538|0x00000000a1a00000, 0x00000000a1a00000, 0x00000000a1b00000|  0%| F|  |TAMS 0x00000000a1a00000| PB 0x00000000a1a00000| Untracked 
| 539|0x00000000a1b00000, 0x00000000a1b00000, 0x00000000a1c00000|  0%| F|  |TAMS 0x00000000a1b00000| PB 0x00000000a1b00000| Untracked 
| 540|0x00000000a1c00000, 0x00000000a1c00000, 0x00000000a1d00000|  0%| F|  |TAMS 0x00000000a1c00000| PB 0x00000000a1c00000| Untracked 
| 541|0x00000000a1d00000, 0x00000000a1d00000, 0x00000000a1e00000|  0%| F|  |TAMS 0x00000000a1d00000| PB 0x00000000a1d00000| Untracked 
| 542|0x00000000a1e00000, 0x00000000a1e00000, 0x00000000a1f00000|  0%| F|  |TAMS 0x00000000a1e00000| PB 0x00000000a1e00000| Untracked 
| 543|0x00000000a1f00000, 0x00000000a1f00000, 0x00000000a2000000|  0%| F|  |TAMS 0x00000000a1f00000| PB 0x00000000a1f00000| Untracked 
| 544|0x00000000a2000000, 0x00000000a2000000, 0x00000000a2100000|  0%| F|  |TAMS 0x00000000a2000000| PB 0x00000000a2000000| Untracked 
| 545|0x00000000a2100000, 0x00000000a2100000, 0x00000000a2200000|  0%| F|  |TAMS 0x00000000a2100000| PB 0x00000000a2100000| Untracked 
| 546|0x00000000a2200000, 0x00000000a2200000, 0x00000000a2300000|  0%| F|  |TAMS 0x00000000a2200000| PB 0x00000000a2200000| Untracked 
| 547|0x00000000a2300000, 0x00000000a2300000, 0x00000000a2400000|  0%| F|  |TAMS 0x00000000a2300000| PB 0x00000000a2300000| Untracked 
| 548|0x00000000a2400000, 0x00000000a2400000, 0x00000000a2500000|  0%| F|  |TAMS 0x00000000a2400000| PB 0x00000000a2400000| Untracked 
| 549|0x00000000a2500000, 0x00000000a2500000, 0x00000000a2600000|  0%| F|  |TAMS 0x00000000a2500000| PB 0x00000000a2500000| Untracked 
| 550|0x00000000a2600000, 0x00000000a2600000, 0x00000000a2700000|  0%| F|  |TAMS 0x00000000a2600000| PB 0x00000000a2600000| Untracked 
| 551|0x00000000a2700000, 0x00000000a2700000, 0x00000000a2800000|  0%| F|  |TAMS 0x00000000a2700000| PB 0x00000000a2700000| Untracked 
| 552|0x00000000a2800000, 0x00000000a2800000, 0x00000000a2900000|  0%| F|  |TAMS 0x00000000a2800000| PB 0x00000000a2800000| Untracked 
| 553|0x00000000a2900000, 0x00000000a2900000, 0x00000000a2a00000|  0%| F|  |TAMS 0x00000000a2900000| PB 0x00000000a2900000| Untracked 
| 554|0x00000000a2a00000, 0x00000000a2a00000, 0x00000000a2b00000|  0%| F|  |TAMS 0x00000000a2a00000| PB 0x00000000a2a00000| Untracked 
| 555|0x00000000a2b00000, 0x00000000a2b00000, 0x00000000a2c00000|  0%| F|  |TAMS 0x00000000a2b00000| PB 0x00000000a2b00000| Untracked 
| 556|0x00000000a2c00000, 0x00000000a2c00000, 0x00000000a2d00000|  0%| F|  |TAMS 0x00000000a2c00000| PB 0x00000000a2c00000| Untracked 
| 557|0x00000000a2d00000, 0x00000000a2d00000, 0x00000000a2e00000|  0%| F|  |TAMS 0x00000000a2d00000| PB 0x00000000a2d00000| Untracked 
| 558|0x00000000a2e00000, 0x00000000a2e00000, 0x00000000a2f00000|  0%| F|  |TAMS 0x00000000a2e00000| PB 0x00000000a2e00000| Untracked 
| 559|0x00000000a2f00000, 0x00000000a2f00000, 0x00000000a3000000|  0%| F|  |TAMS 0x00000000a2f00000| PB 0x00000000a2f00000| Untracked 
| 560|0x00000000a3000000, 0x00000000a3000000, 0x00000000a3100000|  0%| F|  |TAMS 0x00000000a3000000| PB 0x00000000a3000000| Untracked 
| 561|0x00000000a3100000, 0x00000000a3100000, 0x00000000a3200000|  0%| F|  |TAMS 0x00000000a3100000| PB 0x00000000a3100000| Untracked 
| 562|0x00000000a3200000, 0x00000000a3200000, 0x00000000a3300000|  0%| F|  |TAMS 0x00000000a3200000| PB 0x00000000a3200000| Untracked 
| 563|0x00000000a3300000, 0x00000000a3326410, 0x00000000a3400000| 14%| E|  |TAMS 0x00000000a3300000| PB 0x00000000a3300000| Complete 
| 564|0x00000000a3400000, 0x00000000a3500000, 0x00000000a3500000|100%| E|CS|TAMS 0x00000000a3400000| PB 0x00000000a3400000| Complete 
| 565|0x00000000a3500000, 0x00000000a3600000, 0x00000000a3600000|100%| E|CS|TAMS 0x00000000a3500000| PB 0x00000000a3500000| Complete 
| 566|0x00000000a3600000, 0x00000000a3700000, 0x00000000a3700000|100%| E|CS|TAMS 0x00000000a3600000| PB 0x00000000a3600000| Complete 
| 567|0x00000000a3700000, 0x00000000a3800000, 0x00000000a3800000|100%| E|CS|TAMS 0x00000000a3700000| PB 0x00000000a3700000| Complete 
| 568|0x00000000a3800000, 0x00000000a3900000, 0x00000000a3900000|100%| E|CS|TAMS 0x00000000a3800000| PB 0x00000000a3800000| Complete 
| 569|0x00000000a3900000, 0x00000000a3a00000, 0x00000000a3a00000|100%| E|CS|TAMS 0x00000000a3900000| PB 0x00000000a3900000| Complete 
| 570|0x00000000a3a00000, 0x00000000a3b00000, 0x00000000a3b00000|100%| E|CS|TAMS 0x00000000a3a00000| PB 0x00000000a3a00000| Complete 
| 571|0x00000000a3b00000, 0x00000000a3c00000, 0x00000000a3c00000|100%| E|CS|TAMS 0x00000000a3b00000| PB 0x00000000a3b00000| Complete 
| 572|0x00000000a3c00000, 0x00000000a3d00000, 0x00000000a3d00000|100%| E|CS|TAMS 0x00000000a3c00000| PB 0x00000000a3c00000| Complete 
| 573|0x00000000a3d00000, 0x00000000a3e00000, 0x00000000a3e00000|100%| E|CS|TAMS 0x00000000a3d00000| PB 0x00000000a3d00000| Complete 
| 574|0x00000000a3e00000, 0x00000000a3f00000, 0x00000000a3f00000|100%| E|CS|TAMS 0x00000000a3e00000| PB 0x00000000a3e00000| Complete 
| 575|0x00000000a3f00000, 0x00000000a4000000, 0x00000000a4000000|100%| E|CS|TAMS 0x00000000a3f00000| PB 0x00000000a3f00000| Complete 
| 576|0x00000000a4000000, 0x00000000a4100000, 0x00000000a4100000|100%| E|CS|TAMS 0x00000000a4000000| PB 0x00000000a4000000| Complete 
| 577|0x00000000a4100000, 0x00000000a4200000, 0x00000000a4200000|100%| E|CS|TAMS 0x00000000a4100000| PB 0x00000000a4100000| Complete 
| 578|0x00000000a4200000, 0x00000000a4300000, 0x00000000a4300000|100%| E|CS|TAMS 0x00000000a4200000| PB 0x00000000a4200000| Complete 
| 579|0x00000000a4300000, 0x00000000a4400000, 0x00000000a4400000|100%| E|CS|TAMS 0x00000000a4300000| PB 0x00000000a4300000| Complete 
| 580|0x00000000a4400000, 0x00000000a4500000, 0x00000000a4500000|100%| E|CS|TAMS 0x00000000a4400000| PB 0x00000000a4400000| Complete 
| 581|0x00000000a4500000, 0x00000000a4600000, 0x00000000a4600000|100%| E|CS|TAMS 0x00000000a4500000| PB 0x00000000a4500000| Complete 
| 582|0x00000000a4600000, 0x00000000a4700000, 0x00000000a4700000|100%| E|CS|TAMS 0x00000000a4600000| PB 0x00000000a4600000| Complete 
| 583|0x00000000a4700000, 0x00000000a4800000, 0x00000000a4800000|100%| E|CS|TAMS 0x00000000a4700000| PB 0x00000000a4700000| Complete 
| 584|0x00000000a4800000, 0x00000000a4900000, 0x00000000a4900000|100%| E|CS|TAMS 0x00000000a4800000| PB 0x00000000a4800000| Complete 
| 585|0x00000000a4900000, 0x00000000a4a00000, 0x00000000a4a00000|100%| E|CS|TAMS 0x00000000a4900000| PB 0x00000000a4900000| Complete 
| 586|0x00000000a4a00000, 0x00000000a4b00000, 0x00000000a4b00000|100%| E|CS|TAMS 0x00000000a4a00000| PB 0x00000000a4a00000| Complete 
| 587|0x00000000a4b00000, 0x00000000a4c00000, 0x00000000a4c00000|100%| E|CS|TAMS 0x00000000a4b00000| PB 0x00000000a4b00000| Complete 
| 588|0x00000000a4c00000, 0x00000000a4d00000, 0x00000000a4d00000|100%| E|CS|TAMS 0x00000000a4c00000| PB 0x00000000a4c00000| Complete 
| 589|0x00000000a4d00000, 0x00000000a4e00000, 0x00000000a4e00000|100%| E|CS|TAMS 0x00000000a4d00000| PB 0x00000000a4d00000| Complete 
| 590|0x00000000a4e00000, 0x00000000a4f00000, 0x00000000a4f00000|100%| E|CS|TAMS 0x00000000a4e00000| PB 0x00000000a4e00000| Complete 
| 591|0x00000000a4f00000, 0x00000000a5000000, 0x00000000a5000000|100%| E|CS|TAMS 0x00000000a4f00000| PB 0x00000000a4f00000| Complete 
| 592|0x00000000a5000000, 0x00000000a5100000, 0x00000000a5100000|100%| E|CS|TAMS 0x00000000a5000000| PB 0x00000000a5000000| Complete 
| 593|0x00000000a5100000, 0x00000000a5200000, 0x00000000a5200000|100%| E|CS|TAMS 0x00000000a5100000| PB 0x00000000a5100000| Complete 
| 594|0x00000000a5200000, 0x00000000a5300000, 0x00000000a5300000|100%| E|CS|TAMS 0x00000000a5200000| PB 0x00000000a5200000| Complete 
| 595|0x00000000a5300000, 0x00000000a5400000, 0x00000000a5400000|100%| E|CS|TAMS 0x00000000a5300000| PB 0x00000000a5300000| Complete 
| 596|0x00000000a5400000, 0x00000000a5500000, 0x00000000a5500000|100%| E|CS|TAMS 0x00000000a5400000| PB 0x00000000a5400000| Complete 
| 597|0x00000000a5500000, 0x00000000a5600000, 0x00000000a5600000|100%| E|CS|TAMS 0x00000000a5500000| PB 0x00000000a5500000| Complete 
| 598|0x00000000a5600000, 0x00000000a5700000, 0x00000000a5700000|100%| E|CS|TAMS 0x00000000a5600000| PB 0x00000000a5600000| Complete 
| 599|0x00000000a5700000, 0x00000000a5800000, 0x00000000a5800000|100%| E|CS|TAMS 0x00000000a5700000| PB 0x00000000a5700000| Complete 
| 600|0x00000000a5800000, 0x00000000a58de5c0, 0x00000000a5900000| 86%| S|CS|TAMS 0x00000000a5800000| PB 0x00000000a5800000| Complete 
| 601|0x00000000a5900000, 0x00000000a5a00000, 0x00000000a5a00000|100%| S|CS|TAMS 0x00000000a5900000| PB 0x00000000a5900000| Complete 
| 602|0x00000000a5a00000, 0x00000000a5b00000, 0x00000000a5b00000|100%| S|CS|TAMS 0x00000000a5a00000| PB 0x00000000a5a00000| Complete 
| 603|0x00000000a5b00000, 0x00000000a5c00000, 0x00000000a5c00000|100%| S|CS|TAMS 0x00000000a5b00000| PB 0x00000000a5b00000| Complete 
| 604|0x00000000a5c00000, 0x00000000a5d00000, 0x00000000a5d00000|100%| S|CS|TAMS 0x00000000a5c00000| PB 0x00000000a5c00000| Complete 
| 605|0x00000000a5d00000, 0x00000000a5e00000, 0x00000000a5e00000|100%| S|CS|TAMS 0x00000000a5d00000| PB 0x00000000a5d00000| Complete 
| 606|0x00000000a5e00000, 0x00000000a5f00000, 0x00000000a5f00000|100%| S|CS|TAMS 0x00000000a5e00000| PB 0x00000000a5e00000| Complete 
| 607|0x00000000a5f00000, 0x00000000a6000000, 0x00000000a6000000|100%| S|CS|TAMS 0x00000000a5f00000| PB 0x00000000a5f00000| Complete 
| 608|0x00000000a6000000, 0x00000000a6100000, 0x00000000a6100000|100%| S|CS|TAMS 0x00000000a6000000| PB 0x00000000a6000000| Complete 
| 609|0x00000000a6100000, 0x00000000a6200000, 0x00000000a6200000|100%| E|CS|TAMS 0x00000000a6100000| PB 0x00000000a6100000| Complete 
| 610|0x00000000a6200000, 0x00000000a6300000, 0x00000000a6300000|100%| E|CS|TAMS 0x00000000a6200000| PB 0x00000000a6200000| Complete 
| 611|0x00000000a6300000, 0x00000000a6400000, 0x00000000a6400000|100%| E|CS|TAMS 0x00000000a6300000| PB 0x00000000a6300000| Complete 
| 612|0x00000000a6400000, 0x00000000a6500000, 0x00000000a6500000|100%| E|CS|TAMS 0x00000000a6400000| PB 0x00000000a6400000| Complete 
| 613|0x00000000a6500000, 0x00000000a6600000, 0x00000000a6600000|100%| E|CS|TAMS 0x00000000a6500000| PB 0x00000000a6500000| Complete 
| 614|0x00000000a6600000, 0x00000000a6700000, 0x00000000a6700000|100%| E|CS|TAMS 0x00000000a6600000| PB 0x00000000a6600000| Complete 
| 615|0x00000000a6700000, 0x00000000a6800000, 0x00000000a6800000|100%| E|CS|TAMS 0x00000000a6700000| PB 0x00000000a6700000| Complete 
| 616|0x00000000a6800000, 0x00000000a6900000, 0x00000000a6900000|100%| E|CS|TAMS 0x00000000a6800000| PB 0x00000000a6800000| Complete 
| 617|0x00000000a6900000, 0x00000000a6a00000, 0x00000000a6a00000|100%| E|CS|TAMS 0x00000000a6900000| PB 0x00000000a6900000| Complete 
| 618|0x00000000a6a00000, 0x00000000a6b00000, 0x00000000a6b00000|100%| E|CS|TAMS 0x00000000a6a00000| PB 0x00000000a6a00000| Complete 
| 619|0x00000000a6b00000, 0x00000000a6c00000, 0x00000000a6c00000|100%| E|CS|TAMS 0x00000000a6b00000| PB 0x00000000a6b00000| Complete 
| 620|0x00000000a6c00000, 0x00000000a6d00000, 0x00000000a6d00000|100%| E|CS|TAMS 0x00000000a6c00000| PB 0x00000000a6c00000| Complete 
| 621|0x00000000a6d00000, 0x00000000a6e00000, 0x00000000a6e00000|100%| E|CS|TAMS 0x00000000a6d00000| PB 0x00000000a6d00000| Complete 
| 622|0x00000000a6e00000, 0x00000000a6f00000, 0x00000000a6f00000|100%| E|CS|TAMS 0x00000000a6e00000| PB 0x00000000a6e00000| Complete 
| 623|0x00000000a6f00000, 0x00000000a7000000, 0x00000000a7000000|100%| E|CS|TAMS 0x00000000a6f00000| PB 0x00000000a6f00000| Complete 
| 624|0x00000000a7000000, 0x00000000a7100000, 0x00000000a7100000|100%| E|CS|TAMS 0x00000000a7000000| PB 0x00000000a7000000| Complete 
| 625|0x00000000a7100000, 0x00000000a7200000, 0x00000000a7200000|100%| E|CS|TAMS 0x00000000a7100000| PB 0x00000000a7100000| Complete 
| 626|0x00000000a7200000, 0x00000000a7300000, 0x00000000a7300000|100%| E|CS|TAMS 0x00000000a7200000| PB 0x00000000a7200000| Complete 
| 627|0x00000000a7300000, 0x00000000a7400000, 0x00000000a7400000|100%| E|CS|TAMS 0x00000000a7300000| PB 0x00000000a7300000| Complete 
| 628|0x00000000a7400000, 0x00000000a7500000, 0x00000000a7500000|100%| E|CS|TAMS 0x00000000a7400000| PB 0x00000000a7400000| Complete 
| 629|0x00000000a7500000, 0x00000000a7600000, 0x00000000a7600000|100%| E|CS|TAMS 0x00000000a7500000| PB 0x00000000a7500000| Complete 
| 630|0x00000000a7600000, 0x00000000a7700000, 0x00000000a7700000|100%| E|CS|TAMS 0x00000000a7600000| PB 0x00000000a7600000| Complete 
| 631|0x00000000a7700000, 0x00000000a7800000, 0x00000000a7800000|100%| E|CS|TAMS 0x00000000a7700000| PB 0x00000000a7700000| Complete 
| 632|0x00000000a7800000, 0x00000000a7900000, 0x00000000a7900000|100%| E|CS|TAMS 0x00000000a7800000| PB 0x00000000a7800000| Complete 
| 633|0x00000000a7900000, 0x00000000a7a00000, 0x00000000a7a00000|100%| E|CS|TAMS 0x00000000a7900000| PB 0x00000000a7900000| Complete 
| 634|0x00000000a7a00000, 0x00000000a7b00000, 0x00000000a7b00000|100%| E|  |TAMS 0x00000000a7a00000| PB 0x00000000a7a00000| Complete 
| 635|0x00000000a7b00000, 0x00000000a7c00000, 0x00000000a7c00000|100%| E|CS|TAMS 0x00000000a7b00000| PB 0x00000000a7b00000| Complete 
| 636|0x00000000a7c00000, 0x00000000a7d00000, 0x00000000a7d00000|100%| E|CS|TAMS 0x00000000a7c00000| PB 0x00000000a7c00000| Complete 
| 637|0x00000000a7d00000, 0x00000000a7e00000, 0x00000000a7e00000|100%| E|CS|TAMS 0x00000000a7d00000| PB 0x00000000a7d00000| Complete 
| 638|0x00000000a7e00000, 0x00000000a7f00000, 0x00000000a7f00000|100%| E|CS|TAMS 0x00000000a7e00000| PB 0x00000000a7e00000| Complete 
| 639|0x00000000a7f00000, 0x00000000a8000000, 0x00000000a8000000|100%| E|CS|TAMS 0x00000000a7f00000| PB 0x00000000a7f00000| Complete 
| 640|0x00000000a8000000, 0x00000000a8100000, 0x00000000a8100000|100%| E|CS|TAMS 0x00000000a8000000| PB 0x00000000a8000000| Complete 
| 641|0x00000000a8100000, 0x00000000a8200000, 0x00000000a8200000|100%| E|CS|TAMS 0x00000000a8100000| PB 0x00000000a8100000| Complete 
| 642|0x00000000a8200000, 0x00000000a8300000, 0x00000000a8300000|100%| E|CS|TAMS 0x00000000a8200000| PB 0x00000000a8200000| Complete 
| 643|0x00000000a8300000, 0x00000000a8400000, 0x00000000a8400000|100%| E|CS|TAMS 0x00000000a8300000| PB 0x00000000a8300000| Complete 
| 644|0x00000000a8400000, 0x00000000a8500000, 0x00000000a8500000|100%| E|CS|TAMS 0x00000000a8400000| PB 0x00000000a8400000| Complete 
| 645|0x00000000a8500000, 0x00000000a8600000, 0x00000000a8600000|100%| E|CS|TAMS 0x00000000a8500000| PB 0x00000000a8500000| Complete 
| 646|0x00000000a8600000, 0x00000000a8700000, 0x00000000a8700000|100%| E|CS|TAMS 0x00000000a8600000| PB 0x00000000a8600000| Complete 
| 647|0x00000000a8700000, 0x00000000a8800000, 0x00000000a8800000|100%| E|CS|TAMS 0x00000000a8700000| PB 0x00000000a8700000| Complete 
| 648|0x00000000a8800000, 0x00000000a8900000, 0x00000000a8900000|100%| E|CS|TAMS 0x00000000a8800000| PB 0x00000000a8800000| Complete 
| 649|0x00000000a8900000, 0x00000000a8a00000, 0x00000000a8a00000|100%| E|CS|TAMS 0x00000000a8900000| PB 0x00000000a8900000| Complete 
| 650|0x00000000a8a00000, 0x00000000a8b00000, 0x00000000a8b00000|100%| E|CS|TAMS 0x00000000a8a00000| PB 0x00000000a8a00000| Complete 
| 651|0x00000000a8b00000, 0x00000000a8c00000, 0x00000000a8c00000|100%| E|CS|TAMS 0x00000000a8b00000| PB 0x00000000a8b00000| Complete 
| 652|0x00000000a8c00000, 0x00000000a8d00000, 0x00000000a8d00000|100%| E|CS|TAMS 0x00000000a8c00000| PB 0x00000000a8c00000| Complete 
| 653|0x00000000a8d00000, 0x00000000a8e00000, 0x00000000a8e00000|100%| E|CS|TAMS 0x00000000a8d00000| PB 0x00000000a8d00000| Complete 
| 654|0x00000000a8e00000, 0x00000000a8f00000, 0x00000000a8f00000|100%| E|CS|TAMS 0x00000000a8e00000| PB 0x00000000a8e00000| Complete 
| 655|0x00000000a8f00000, 0x00000000a9000000, 0x00000000a9000000|100%| E|CS|TAMS 0x00000000a8f00000| PB 0x00000000a8f00000| Complete 
| 656|0x00000000a9000000, 0x00000000a9100000, 0x00000000a9100000|100%| E|CS|TAMS 0x00000000a9000000| PB 0x00000000a9000000| Complete 
| 657|0x00000000a9100000, 0x00000000a9200000, 0x00000000a9200000|100%| E|CS|TAMS 0x00000000a9100000| PB 0x00000000a9100000| Complete 
| 658|0x00000000a9200000, 0x00000000a9300000, 0x00000000a9300000|100%| E|CS|TAMS 0x00000000a9200000| PB 0x00000000a9200000| Complete 
| 659|0x00000000a9300000, 0x00000000a9400000, 0x00000000a9400000|100%| E|CS|TAMS 0x00000000a9300000| PB 0x00000000a9300000| Complete 
| 660|0x00000000a9400000, 0x00000000a9500000, 0x00000000a9500000|100%| E|CS|TAMS 0x00000000a9400000| PB 0x00000000a9400000| Complete 
| 661|0x00000000a9500000, 0x00000000a9600000, 0x00000000a9600000|100%| E|CS|TAMS 0x00000000a9500000| PB 0x00000000a9500000| Complete 
| 662|0x00000000a9600000, 0x00000000a9700000, 0x00000000a9700000|100%| E|CS|TAMS 0x00000000a9600000| PB 0x00000000a9600000| Complete 
| 663|0x00000000a9700000, 0x00000000a9800000, 0x00000000a9800000|100%| E|CS|TAMS 0x00000000a9700000| PB 0x00000000a9700000| Complete 
| 664|0x00000000a9800000, 0x00000000a9900000, 0x00000000a9900000|100%| E|CS|TAMS 0x00000000a9800000| PB 0x00000000a9800000| Complete 
| 665|0x00000000a9900000, 0x00000000a9a00000, 0x00000000a9a00000|100%| E|CS|TAMS 0x00000000a9900000| PB 0x00000000a9900000| Complete 
| 666|0x00000000a9a00000, 0x00000000a9b00000, 0x00000000a9b00000|100%| E|CS|TAMS 0x00000000a9a00000| PB 0x00000000a9a00000| Complete 
| 667|0x00000000a9b00000, 0x00000000a9c00000, 0x00000000a9c00000|100%| E|CS|TAMS 0x00000000a9b00000| PB 0x00000000a9b00000| Complete 
| 668|0x00000000a9c00000, 0x00000000a9d00000, 0x00000000a9d00000|100%| E|CS|TAMS 0x00000000a9c00000| PB 0x00000000a9c00000| Complete 
| 669|0x00000000a9d00000, 0x00000000a9e00000, 0x00000000a9e00000|100%| E|CS|TAMS 0x00000000a9d00000| PB 0x00000000a9d00000| Complete 
| 670|0x00000000a9e00000, 0x00000000a9f00000, 0x00000000a9f00000|100%| E|CS|TAMS 0x00000000a9e00000| PB 0x00000000a9e00000| Complete 
| 671|0x00000000a9f00000, 0x00000000aa000000, 0x00000000aa000000|100%| E|CS|TAMS 0x00000000a9f00000| PB 0x00000000a9f00000| Complete 
| 672|0x00000000aa000000, 0x00000000aa100000, 0x00000000aa100000|100%| E|CS|TAMS 0x00000000aa000000| PB 0x00000000aa000000| Complete 
|1991|0x00000000fc700000, 0x00000000fc800000, 0x00000000fc800000|100%| E|CS|TAMS 0x00000000fc700000| PB 0x00000000fc700000| Complete 
|1992|0x00000000fc800000, 0x00000000fc900000, 0x00000000fc900000|100%| E|CS|TAMS 0x00000000fc800000| PB 0x00000000fc800000| Complete 
|1993|0x00000000fc900000, 0x00000000fca00000, 0x00000000fca00000|100%| E|CS|TAMS 0x00000000fc900000| PB 0x00000000fc900000| Complete 
|1994|0x00000000fca00000, 0x00000000fcb00000, 0x00000000fcb00000|100%| O|Cm|TAMS 0x00000000fca00000| PB 0x00000000fca00000| Complete 
|1995|0x00000000fcb00000, 0x00000000fcc00000, 0x00000000fcc00000|100%| O|Cm|TAMS 0x00000000fcb00000| PB 0x00000000fcb00000| Complete 
|1996|0x00000000fcc00000, 0x00000000fcd00000, 0x00000000fcd00000|100%| O|Cm|TAMS 0x00000000fcc00000| PB 0x00000000fcc00000| Complete 
|1997|0x00000000fcd00000, 0x00000000fce00000, 0x00000000fce00000|100%| E|CS|TAMS 0x00000000fcd00000| PB 0x00000000fcd00000| Complete 
|1998|0x00000000fce00000, 0x00000000fcf00000, 0x00000000fcf00000|100%| E|CS|TAMS 0x00000000fce00000| PB 0x00000000fce00000| Complete 
|1999|0x00000000fcf00000, 0x00000000fd000000, 0x00000000fd000000|100%| E|CS|TAMS 0x00000000fcf00000| PB 0x00000000fcf00000| Complete 
|2000|0x00000000fd000000, 0x00000000fd100000, 0x00000000fd100000|100%| E|CS|TAMS 0x00000000fd000000| PB 0x00000000fd000000| Complete 
|2001|0x00000000fd100000, 0x00000000fd200000, 0x00000000fd200000|100%| O|Cm|TAMS 0x00000000fd100000| PB 0x00000000fd100000| Complete 
|2002|0x00000000fd200000, 0x00000000fd300000, 0x00000000fd300000|100%| E|CS|TAMS 0x00000000fd200000| PB 0x00000000fd200000| Complete 
|2003|0x00000000fd300000, 0x00000000fd400000, 0x00000000fd400000|100%| O|  |TAMS 0x00000000fd300000| PB 0x00000000fd300000| Untracked 
|2004|0x00000000fd400000, 0x00000000fd500000, 0x00000000fd500000|100%| O|Cm|TAMS 0x00000000fd400000| PB 0x00000000fd400000| Complete 
|2005|0x00000000fd500000, 0x00000000fd600000, 0x00000000fd600000|100%| O|  |TAMS 0x00000000fd500000| PB 0x00000000fd500000| Untracked 
|2006|0x00000000fd600000, 0x00000000fd700000, 0x00000000fd700000|100%| E|CS|TAMS 0x00000000fd600000| PB 0x00000000fd600000| Complete 
|2007|0x00000000fd700000, 0x00000000fd800000, 0x00000000fd800000|100%| O|  |TAMS 0x00000000fd700000| PB 0x00000000fd700000| Untracked 
|2008|0x00000000fd800000, 0x00000000fd900000, 0x00000000fd900000|100%| O|  |TAMS 0x00000000fd800000| PB 0x00000000fd800000| Untracked 
|2009|0x00000000fd900000, 0x00000000fda00000, 0x00000000fda00000|100%| E|CS|TAMS 0x00000000fd900000| PB 0x00000000fd900000| Complete 
|2010|0x00000000fda00000, 0x00000000fdb00000, 0x00000000fdb00000|100%| O|Cm|TAMS 0x00000000fda00000| PB 0x00000000fda00000| Complete 
|2011|0x00000000fdb00000, 0x00000000fdc00000, 0x00000000fdc00000|100%| E|CS|TAMS 0x00000000fdb00000| PB 0x00000000fdb00000| Complete 
|2012|0x00000000fdc00000, 0x00000000fdd00000, 0x00000000fdd00000|100%| O|  |TAMS 0x00000000fdc00000| PB 0x00000000fdc00000| Untracked 
|2013|0x00000000fdd00000, 0x00000000fde00000, 0x00000000fde00000|100%| O|  |TAMS 0x00000000fdd00000| PB 0x00000000fdd00000| Untracked 
|2014|0x00000000fde00000, 0x00000000fdf00000, 0x00000000fdf00000|100%| O|  |TAMS 0x00000000fde00000| PB 0x00000000fde00000| Untracked 
|2015|0x00000000fdf00000, 0x00000000fe000000, 0x00000000fe000000|100%| O|  |TAMS 0x00000000fdf00000| PB 0x00000000fdf00000| Untracked 
|2016|0x00000000fe000000, 0x00000000fe100000, 0x00000000fe100000|100%| O|  |TAMS 0x00000000fe000000| PB 0x00000000fe000000| Untracked 
|2017|0x00000000fe100000, 0x00000000fe200000, 0x00000000fe200000|100%| O|Cm|TAMS 0x00000000fe100000| PB 0x00000000fe100000| Complete 
|2018|0x00000000fe200000, 0x00000000fe300000, 0x00000000fe300000|100%| O|Cm|TAMS 0x00000000fe200000| PB 0x00000000fe200000| Complete 
|2019|0x00000000fe300000, 0x00000000fe400000, 0x00000000fe400000|100%| O|  |TAMS 0x00000000fe300000| PB 0x00000000fe300000| Untracked 
|2020|0x00000000fe400000, 0x00000000fe500000, 0x00000000fe500000|100%| O|  |TAMS 0x00000000fe400000| PB 0x00000000fe400000| Untracked 
|2021|0x00000000fe500000, 0x00000000fe600000, 0x00000000fe600000|100%| O|  |TAMS 0x00000000fe500000| PB 0x00000000fe500000| Untracked 
|2022|0x00000000fe600000, 0x00000000fe700000, 0x00000000fe700000|100%| E|CS|TAMS 0x00000000fe600000| PB 0x00000000fe600000| Complete 
|2023|0x00000000fe700000, 0x00000000fe800000, 0x00000000fe800000|100%| E|CS|TAMS 0x00000000fe700000| PB 0x00000000fe700000| Complete 
|2024|0x00000000fe800000, 0x00000000fe900000, 0x00000000fe900000|100%| E|CS|TAMS 0x00000000fe800000| PB 0x00000000fe800000| Complete 
|2025|0x00000000fe900000, 0x00000000fea00000, 0x00000000fea00000|100%| E|CS|TAMS 0x00000000fe900000| PB 0x00000000fe900000| Complete 
|2026|0x00000000fea00000, 0x00000000feb00000, 0x00000000feb00000|100%| E|CS|TAMS 0x00000000fea00000| PB 0x00000000fea00000| Complete 
|2027|0x00000000feb00000, 0x00000000fec00000, 0x00000000fec00000|100%| E|CS|TAMS 0x00000000feb00000| PB 0x00000000feb00000| Complete 
|2028|0x00000000fec00000, 0x00000000fed00000, 0x00000000fed00000|100%| O|Cm|TAMS 0x00000000fec00000| PB 0x00000000fec00000| Complete 
|2029|0x00000000fed00000, 0x00000000fee00000, 0x00000000fee00000|100%| O|  |TAMS 0x00000000fed00000| PB 0x00000000fed00000| Untracked 
|2030|0x00000000fee00000, 0x00000000fef00000, 0x00000000fef00000|100%| E|CS|TAMS 0x00000000fee00000| PB 0x00000000fee00000| Complete 
|2031|0x00000000fef00000, 0x00000000ff000000, 0x00000000ff000000|100%| O|  |TAMS 0x00000000fef00000| PB 0x00000000fef00000| Untracked 
|2032|0x00000000ff000000, 0x00000000ff100000, 0x00000000ff100000|100%| O|  |TAMS 0x00000000ff000000| PB 0x00000000ff000000| Untracked 
|2033|0x00000000ff100000, 0x00000000ff200000, 0x00000000ff200000|100%| O|  |TAMS 0x00000000ff100000| PB 0x00000000ff100000| Untracked 
|2034|0x00000000ff200000, 0x00000000ff300000, 0x00000000ff300000|100%| E|CS|TAMS 0x00000000ff200000| PB 0x00000000ff200000| Complete 
|2035|0x00000000ff300000, 0x00000000ff400000, 0x00000000ff400000|100%| E|CS|TAMS 0x00000000ff300000| PB 0x00000000ff300000| Complete 
|2036|0x00000000ff400000, 0x00000000ff500000, 0x00000000ff500000|100%| E|CS|TAMS 0x00000000ff400000| PB 0x00000000ff400000| Complete 
|2037|0x00000000ff500000, 0x00000000ff600000, 0x00000000ff600000|100%| E|CS|TAMS 0x00000000ff500000| PB 0x00000000ff500000| Complete 
|2038|0x00000000ff600000, 0x00000000ff700000, 0x00000000ff700000|100%| E|CS|TAMS 0x00000000ff600000| PB 0x00000000ff600000| Complete 
|2039|0x00000000ff700000, 0x00000000ff800000, 0x00000000ff800000|100%| E|CS|TAMS 0x00000000ff700000| PB 0x00000000ff700000| Complete 
|2040|0x00000000ff800000, 0x00000000ff900000, 0x00000000ff900000|100%| E|CS|TAMS 0x00000000ff800000| PB 0x00000000ff800000| Complete 
|2041|0x00000000ff900000, 0x00000000ffa00000, 0x00000000ffa00000|100%| E|CS|TAMS 0x00000000ff900000| PB 0x00000000ff900000| Complete 
|2042|0x00000000ffa00000, 0x00000000ffb00000, 0x00000000ffb00000|100%| E|CS|TAMS 0x00000000ffa00000| PB 0x00000000ffa00000| Complete 
|2043|0x00000000ffb00000, 0x00000000ffc00000, 0x00000000ffc00000|100%| E|CS|TAMS 0x00000000ffb00000| PB 0x00000000ffb00000| Complete 
|2044|0x00000000ffc00000, 0x00000000ffd00000, 0x00000000ffd00000|100%| O|  |TAMS 0x00000000ffc00000| PB 0x00000000ffc00000| Untracked 
|2045|0x00000000ffd00000, 0x00000000ffe00000, 0x00000000ffe00000|100%| E|CS|TAMS 0x00000000ffd00000| PB 0x00000000ffd00000| Complete 
|2046|0x00000000ffe00000, 0x00000000fff00000, 0x00000000fff00000|100%| E|CS|TAMS 0x00000000ffe00000| PB 0x00000000ffe00000| Complete 
|2047|0x00000000fff00000, 0x0000000100000000, 0x0000000100000000|100%| E|CS|TAMS 0x00000000fff00000| PB 0x00000000fff00000| Complete 

Card table byte_map: [0x000002b72ee20000,0x000002b72f220000] _byte_map_base: 0x000002b72ea20000

Marking Bits: (CMBitMap*) 0x000002b71c5e9110
 Bits: [0x000002b72f220000, 0x000002b731220000)

Polling page: 0x000002b71a4d0000

Metaspace:

Usage:
  Non-class:    229.91 MB used.
      Class:     31.83 MB used.
       Both:    261.74 MB used.

Virtual space:
  Non-class space:      256.00 MB reserved,     231.12 MB ( 90%) committed,  4 nodes.
      Class space:        1.00 GB reserved,      33.25 MB (  3%) committed,  1 nodes.
             Both:        1.25 GB reserved,     264.38 MB ( 21%) committed. 

Chunk freelists:
   Non-Class:  8.80 MB
       Class:  14.82 MB
        Both:  23.62 MB

MaxMetaspaceSize: unlimited
CompressedClassSpaceSize: 1.00 GB
Initial GC threshold: 21.00 MB
Current GC threshold: 440.94 MB
CDS: off
 - commit_granule_bytes: 65536.
 - commit_granule_words: 8192.
 - virtual_space_node_default_size: 8388608.
 - enlarge_chunks_in_place: 1.
 - use_allocation_guard: 0.


Internal statistics:

num_allocs_failed_limit: 6.
num_arena_births: 10490.
num_arena_deaths: 5768.
num_vsnodes_births: 5.
num_vsnodes_deaths: 0.
num_space_committed: 4287.
num_space_uncommitted: 41.
num_chunks_returned_to_freelist: 7492.
num_chunks_taken_from_freelist: 25054.
num_chunk_merges: 2616.
num_chunk_splits: 14998.
num_chunks_enlarged: 9426.
num_inconsistent_stats: 0.

CodeHeap 'non-profiled nmethods': size=120000Kb used=37014Kb max_used=41039Kb free=82985Kb
 bounds [0x000002b7271c0000, 0x000002b7299f0000, 0x000002b72e6f0000]
CodeHeap 'profiled nmethods': size=120000Kb used=47785Kb max_used=61547Kb free=72215Kb
 bounds [0x000002b71f6f0000, 0x000002b723370000, 0x000002b726c20000]
CodeHeap 'non-nmethods': size=5760Kb used=3348Kb max_used=3449Kb free=2411Kb
 bounds [0x000002b726c20000, 0x000002b726f90000, 0x000002b7271c0000]
 total_blobs=25992 nmethods=24654 adapters=1238
 compilation: enabled
              stopped_count=0, restarted_count=0
 full_count=0

Compilation events (20 events):
Event: 22354.372 Thread 0x000002b7380dd1f0 nmethod 86898 0x000002b71f9d6b10 code [0x000002b71f9d6cc0, 0x000002b71f9d6f18]
Event: 22354.372 Thread 0x000002b7380dd1f0 86899       3       org.gradle.internal.buildoption.InternalFlag::getDefaultValue (8 bytes)
Event: 22354.372 Thread 0x000002b7380dd1f0 nmethod 86899 0x000002b71f982490 code [0x000002b71f982640, 0x000002b71f982828]
Event: 22354.381 Thread 0x000002b7380dc760 86900       4       java.lang.Class::isEnum (27 bytes)
Event: 22354.382 Thread 0x000002b7380dc760 nmethod 86900 0x000002b727403810 code [0x000002b7274039a0, 0x000002b727403aa8]
Event: 22354.393 Thread 0x000002b7380dc760 86901       4       java.lang.invoke.LambdaForm$MH/0x0000000101de5800::invoke (35 bytes)
Event: 22354.394 Thread 0x000002b7380dc760 nmethod 86901 0x000002b727b8d390 code [0x000002b727b8d540, 0x000002b727b8d6f0]
Event: 22354.405 Thread 0x000002b7380dd1f0 86902       3       org.gradle.kotlin.dsl.provider.StandardKotlinScriptEvaluator$InterpreterHost::compilationClassPathOf (19 bytes)
Event: 22354.405 Thread 0x000002b7380dd1f0 nmethod 86902 0x000002b71fb18190 code [0x000002b71fb183c0, 0x000002b71fb18998]
Event: 22354.429 Thread 0x000002b7380dc760 86903       4       org.gradle.api.internal.artifacts.repositories.AbstractArtifactRepository::onAddToContainer (6 bytes)
Event: 22354.429 Thread 0x000002b7380dc760 nmethod 86903 0x000002b727408f90 code [0x000002b727409120, 0x000002b7274091b0]
Event: 22354.469 Thread 0x000002b7380dd1f0 86904       3       java.lang.invoke.LambdaForm$MH/0x0000000100681400::invoke (56 bytes)
Event: 22354.469 Thread 0x000002b7380dd1f0 nmethod 86904 0x000002b71f7ed810 code [0x000002b71f7eda20, 0x000002b71f7ee2e8]
Event: 22354.481 Thread 0x000002b7380dd1f0 86905       3       org.gradle.internal.component.local.model.LocalComponentGraphResolveMetadata::getPlatformOwners (5 bytes)
Event: 22354.481 Thread 0x000002b7380dd1f0 nmethod 86905 0x000002b71fa41d90 code [0x000002b71fa41f40, 0x000002b71fa42108]
Event: 22354.482 Thread 0x000002b7380dd1f0 86906       3       org.gradle.internal.component.local.model.LocalComponentGraphResolveMetadata::getPlatformOwners (4 bytes)
Event: 22354.482 Thread 0x000002b7380dd1f0 nmethod 86906 0x000002b71f97b310 code [0x000002b71f97b4c0, 0x000002b71f97b630]
Event: 22354.491 Thread 0x000002b7380dc760 86907       4       org.gradle.api.internal.artifacts.repositories.metadata.DefaultMavenImmutableAttributesFactory::mutable (10 bytes)
Event: 22354.492 Thread 0x000002b7380dc760 nmethod 86907 0x000002b729361f90 code [0x000002b729362140, 0x000002b729362288]
Event: 22354.518 Thread 0x000002b7380dc760 86908  s    4       org.gradle.internal.component.external.model.AbstractLazyModuleComponentResolveMetadata::getVariantsForGraphTraversal (29 bytes)

GC Heap History (20 events):
Event: 21403.447 GC heap before
{Heap before GC invocations=210 (full 1):
 garbage-first heap   total 683008K, used 616489K [0x0000000080000000, 0x0000000100000000)
  region size 1024K, 361 young (369664K), 15 survivors (15360K)
 Metaspace       used 258365K, committed 260928K, reserved 1310720K
  class space    used 31547K, committed 32832K, reserved 1048576K
}
Event: 21403.461 GC heap after
{Heap after GC invocations=211 (full 1):
 garbage-first heap   total 683008K, used 273449K [0x0000000080000000, 0x0000000100000000)
  region size 1024K, 26 young (26624K), 26 survivors (26624K)
 Metaspace       used 258365K, committed 260928K, reserved 1310720K
  class space    used 31547K, committed 32832K, reserved 1048576K
}
Event: 21864.417 GC heap before
{Heap before GC invocations=212 (full 1):
 garbage-first heap   total 683008K, used 616489K [0x0000000080000000, 0x0000000100000000)
  region size 1024K, 364 young (372736K), 26 survivors (26624K)
 Metaspace       used 267782K, committed 270400K, reserved 1310720K
  class space    used 32645K, committed 33984K, reserved 1048576K
}
Event: 21864.465 GC heap after
{Heap after GC invocations=213 (full 1):
 garbage-first heap   total 694272K, used 314759K [0x0000000080000000, 0x0000000100000000)
  region size 1024K, 46 young (47104K), 46 survivors (47104K)
 Metaspace       used 267782K, committed 270400K, reserved 1310720K
  class space    used 32645K, committed 33984K, reserved 1048576K
}
Event: 21867.452 GC heap before
{Heap before GC invocations=213 (full 1):
 garbage-first heap   total 694272K, used 640391K [0x0000000080000000, 0x0000000100000000)
  region size 1024K, 334 young (342016K), 46 survivors (47104K)
 Metaspace       used 267840K, committed 270464K, reserved 1310720K
  class space    used 32647K, committed 33984K, reserved 1048576K
}
Event: 21867.491 GC heap after
{Heap after GC invocations=214 (full 1):
 garbage-first heap   total 709632K, used 325413K [0x0000000080000000, 0x0000000100000000)
  region size 1024K, 18 young (18432K), 18 survivors (18432K)
 Metaspace       used 267840K, committed 270464K, reserved 1310720K
  class space    used 32647K, committed 33984K, reserved 1048576K
}
Event: 21867.559 GC heap before
{Heap before GC invocations=214 (full 1):
 garbage-first heap   total 709632K, used 333605K [0x0000000080000000, 0x0000000100000000)
  region size 1024K, 27 young (27648K), 18 survivors (18432K)
 Metaspace       used 268098K, committed 270720K, reserved 1310720K
  class space    used 32667K, committed 33984K, reserved 1048576K
}
Event: 21867.569 GC heap after
{Heap after GC invocations=215 (full 1):
 garbage-first heap   total 709632K, used 326949K [0x0000000080000000, 0x0000000100000000)
  region size 1024K, 19 young (19456K), 19 survivors (19456K)
 Metaspace       used 268098K, committed 270720K, reserved 1310720K
  class space    used 32667K, committed 33984K, reserved 1048576K
}
Event: 21868.905 GC heap before
{Heap before GC invocations=216 (full 1):
 garbage-first heap   total 709632K, used 580901K [0x0000000080000000, 0x0000000100000000)
  region size 1024K, 261 young (267264K), 19 survivors (19456K)
 Metaspace       used 268195K, committed 270784K, reserved 1310720K
  class space    used 32667K, committed 33984K, reserved 1048576K
}
Event: 21868.915 GC heap after
{Heap after GC invocations=217 (full 1):
 garbage-first heap   total 709632K, used 324009K [0x0000000080000000, 0x0000000100000000)
  region size 1024K, 4 young (4096K), 4 survivors (4096K)
 Metaspace       used 268195K, committed 270784K, reserved 1310720K
  class space    used 32667K, committed 33984K, reserved 1048576K
}
Event: 22341.240 GC heap before
{Heap before GC invocations=217 (full 1):
 garbage-first heap   total 709632K, used 655785K [0x0000000080000000, 0x0000000100000000)
  region size 1024K, 268 young (274432K), 4 survivors (4096K)
 Metaspace       used 268236K, committed 270912K, reserved 1310720K
  class space    used 32669K, committed 34048K, reserved 1048576K
}
Event: 22341.270 GC heap after
{Heap after GC invocations=218 (full 1):
 garbage-first heap   total 714752K, used 362277K [0x0000000080000000, 0x0000000100000000)
  region size 1024K, 34 young (34816K), 34 survivors (34816K)
 Metaspace       used 268236K, committed 270912K, reserved 1310720K
  class space    used 32669K, committed 34048K, reserved 1048576K
}
Event: 22341.277 GC heap before
{Heap before GC invocations=218 (full 1):
 garbage-first heap   total 714752K, used 365349K [0x0000000080000000, 0x0000000100000000)
  region size 1024K, 39 young (39936K), 34 survivors (34816K)
 Metaspace       used 268236K, committed 270912K, reserved 1310720K
  class space    used 32669K, committed 34048K, reserved 1048576K
}
Event: 22341.295 GC heap after
{Heap after GC invocations=219 (full 1):
 garbage-first heap   total 714752K, used 369445K [0x0000000080000000, 0x0000000100000000)
  region size 1024K, 6 young (6144K), 6 survivors (6144K)
 Metaspace       used 268236K, committed 270912K, reserved 1310720K
  class space    used 32669K, committed 34048K, reserved 1048576K
}
Event: 22343.827 GC heap before
{Heap before GC invocations=220 (full 1):
 garbage-first heap   total 747520K, used 613157K [0x0000000080000000, 0x0000000100000000)
  region size 1024K, 169 young (173056K), 6 survivors (6144K)
 Metaspace       used 267924K, committed 270912K, reserved 1310720K
  class space    used 32597K, committed 34048K, reserved 1048576K
}
Event: 22343.835 GC heap after
{Heap after GC invocations=221 (full 1):
 garbage-first heap   total 747520K, used 363987K [0x0000000080000000, 0x0000000100000000)
  region size 1024K, 12 young (12288K), 12 survivors (12288K)
 Metaspace       used 267924K, committed 270912K, reserved 1310720K
  class space    used 32597K, committed 34048K, reserved 1048576K
}
Event: 22344.973 GC heap before
{Heap before GC invocations=221 (full 1):
 garbage-first heap   total 747520K, used 582099K [0x0000000080000000, 0x0000000100000000)
  region size 1024K, 216 young (221184K), 12 survivors (12288K)
 Metaspace       used 268286K, committed 270976K, reserved 1310720K
  class space    used 32618K, committed 34048K, reserved 1048576K
}
Event: 22344.991 GC heap after
{Heap after GC invocations=222 (full 1):
 garbage-first heap   total 747520K, used 349784K [0x0000000080000000, 0x0000000100000000)
  region size 1024K, 22 young (22528K), 22 survivors (22528K)
 Metaspace       used 268286K, committed 270976K, reserved 1310720K
  class space    used 32618K, committed 34048K, reserved 1048576K
}
Event: 22345.246 GC heap before
{Heap before GC invocations=222 (full 1):
 garbage-first heap   total 747520K, used 443992K [0x0000000080000000, 0x0000000100000000)
  region size 1024K, 116 young (118784K), 22 survivors (22528K)
 Metaspace       used 268292K, committed 270976K, reserved 1310720K
  class space    used 32618K, committed 34048K, reserved 1048576K
}
Event: 22345.256 GC heap after
{Heap after GC invocations=223 (full 1):
 garbage-first heap   total 747520K, used 344308K [0x0000000080000000, 0x0000000100000000)
  region size 1024K, 9 young (9216K), 9 survivors (9216K)
 Metaspace       used 268292K, committed 270976K, reserved 1310720K
  class space    used 32618K, committed 34048K, reserved 1048576K
}

Dll operation events (3 events):
Event: 0.022 Loaded shared library C:\Program Files\Android\Android Studio\jbr\bin\java.dll
Event: 0.025 Loaded shared library C:\Program Files\Android\Android Studio\jbr\bin\zip.dll
Event: 1.066 Loaded shared library C:\Program Files\Android\Android Studio\jbr\bin\verify.dll

Deoptimization events (20 events):
Event: 22344.478 Thread 0x000002b73a8df720 DEOPT PACKING pc=0x000002b71fe3fc41 sp=0x000000e85e6f8c10
Event: 22344.478 Thread 0x000002b73a8df720 DEOPT UNPACKING pc=0x000002b726c74e42 sp=0x000000e85e6f80d0 mode 0
Event: 22344.568 Thread 0x000002b73a8df720 DEOPT PACKING pc=0x000002b7200f5066 sp=0x000000e85e6f9310
Event: 22344.568 Thread 0x000002b73a8df720 DEOPT UNPACKING pc=0x000002b726c74e42 sp=0x000000e85e6f8800 mode 0
Event: 22344.887 Thread 0x000002b73a8df720 DEOPT PACKING pc=0x000002b7223f062a sp=0x000000e85e6fb190
Event: 22344.887 Thread 0x000002b73a8df720 DEOPT UNPACKING pc=0x000002b726c74e42 sp=0x000000e85e6fa730 mode 0
Event: 22345.111 Thread 0x000002b750c6a540 DEOPT PACKING pc=0x000002b7212b9243 sp=0x000000e85fcfc3f0
Event: 22345.112 Thread 0x000002b750c6a540 DEOPT UNPACKING pc=0x000002b726c74e42 sp=0x000000e85fcfb868 mode 0
Event: 22345.373 Thread 0x000002b746006e60 DEOPT PACKING pc=0x000002b722608f06 sp=0x000000e85dbfd6d0
Event: 22345.373 Thread 0x000002b746006e60 DEOPT UNPACKING pc=0x000002b726c74e42 sp=0x000000e85dbfcc48 mode 0
Event: 22345.374 Thread 0x000002b746006e60 DEOPT PACKING pc=0x000002b71fd93550 sp=0x000000e85dbfd2b0
Event: 22345.374 Thread 0x000002b746006e60 DEOPT UNPACKING pc=0x000002b726c74e42 sp=0x000000e85dbfc7d8 mode 0
Event: 22345.398 Thread 0x000002b751205220 DEOPT PACKING pc=0x000002b71fd93550 sp=0x000000e8614fd660
Event: 22345.399 Thread 0x000002b751205220 DEOPT UNPACKING pc=0x000002b726c74e42 sp=0x000000e8614fcb88 mode 0
Event: 22345.431 Thread 0x000002b746006e60 DEOPT PACKING pc=0x000002b71fb80b4e sp=0x000000e85dbfd240
Event: 22345.431 Thread 0x000002b746006e60 DEOPT UNPACKING pc=0x000002b726c74e42 sp=0x000000e85dbfc7b8 mode 0
Event: 22345.433 Thread 0x000002b746006e60 DEOPT PACKING pc=0x000002b71fc2483b sp=0x000000e85dbfd270
Event: 22345.433 Thread 0x000002b746006e60 DEOPT UNPACKING pc=0x000002b726c74e42 sp=0x000000e85dbfc740 mode 0
Event: 22345.434 Thread 0x000002b746006e60 DEOPT PACKING pc=0x000002b7217c459a sp=0x000000e85dbfcfa0
Event: 22345.434 Thread 0x000002b746006e60 DEOPT UNPACKING pc=0x000002b726c74e42 sp=0x000000e85dbfc4d0 mode 0

Classes loaded (20 events):
Event: 21398.260 Loading class java/lang/StringBeanInfo
Event: 21398.260 Loading class java/lang/StringBeanInfo done
Event: 21398.260 Loading class java/lang/StringCustomizer
Event: 21398.260 Loading class java/lang/StringCustomizer done
Event: 21398.260 Loading class java/lang/StringCustomizer
Event: 21398.260 Loading class java/lang/StringCustomizer done
Event: 21403.945 Loading class java/util/TreeMap$ValueSpliterator
Event: 21403.946 Loading class java/util/TreeMap$ValueSpliterator done
Event: 21404.044 Loading class java/util/TreeMap$AscendingSubMap$AscendingEntrySetView
Event: 21404.044 Loading class java/util/TreeMap$NavigableSubMap$EntrySetView
Event: 21404.044 Loading class java/util/TreeMap$NavigableSubMap$EntrySetView done
Event: 21404.044 Loading class java/util/TreeMap$AscendingSubMap$AscendingEntrySetView done
Event: 21404.044 Loading class java/util/TreeMap$NavigableSubMap$SubMapEntryIterator
Event: 21404.044 Loading class java/util/TreeMap$NavigableSubMap$SubMapEntryIterator done
Event: 21404.180 Loading class javax/xml/stream/FactoryFinder
Event: 21404.181 Loading class javax/xml/stream/FactoryFinder done
Event: 21404.181 Loading class javax/xml/stream/FactoryFinder$1
Event: 21404.182 Loading class javax/xml/stream/FactoryFinder$1 done
Event: 21404.420 Loading class java/util/regex/Pattern$BackRef
Event: 21404.420 Loading class java/util/regex/Pattern$BackRef done

Classes unloaded (20 events):
Event: 22345.503 Thread 0x000002b738031210 Unloading class 0x000000010214d650 'jdk/internal/jimage/ImageHeader'
Event: 22345.503 Thread 0x000002b738031210 Unloading class 0x000000010214d408 'jdk/internal/jimage/BasicImageReader$2'
Event: 22345.503 Thread 0x000002b738031210 Unloading class 0x000000010214d1c0 'jdk/internal/jimage/BasicImageReader$1'
Event: 22345.503 Thread 0x000002b738031210 Unloading class 0x000000010214cf40 'jdk/internal/jimage/ImageReader$Resource'
Event: 22345.503 Thread 0x000002b738031210 Unloading class 0x000000010214ccc0 'jdk/internal/jimage/ImageReader$LinkNode'
Event: 22345.503 Thread 0x000002b738031210 Unloading class 0x000000010214ca40 'jdk/internal/jimage/ImageReader$Directory'
Event: 22345.503 Thread 0x000002b738031210 Unloading class 0x000000010214c7c0 'jdk/internal/jimage/ImageReader$Node'
Event: 22345.503 Thread 0x000002b738031210 Unloading class 0x000000010214c5b0 'jdk/internal/jimage/ImageStrings'
Event: 22345.503 Thread 0x000002b738031210 Unloading class 0x000000010214c2d8 'jdk/internal/jimage/ImageReader$SharedImageReader'
Event: 22345.503 Thread 0x000002b738031210 Unloading class 0x000000010214c000 'jdk/internal/jimage/BasicImageReader'
Event: 22345.503 Thread 0x000002b738031210 Unloading class 0x000000010214bdb0 'jdk/internal/jimage/ImageReader'
Event: 22345.503 Thread 0x000002b738031210 Unloading class 0x000000010214bb70 'jdk/internal/jrtfs/SystemImage$2'
Event: 22345.503 Thread 0x000002b738031210 Unloading class 0x000000010214b940 'jdk/internal/jrtfs/SystemImage$$Lambda+0x000000010214b940'
Event: 22345.503 Thread 0x000002b738031210 Unloading class 0x000000010214b6f8 'jdk/internal/jrtfs/ExplodedImage'
Event: 22345.503 Thread 0x000002b738031210 Unloading class 0x000000010214b4a8 'jdk/internal/jrtfs/SystemImage$1'
Event: 22345.503 Thread 0x000002b738031210 Unloading class 0x000000010214b278 'jdk/internal/jrtfs/SystemImage'
Event: 22345.503 Thread 0x000002b738031210 Unloading class 0x000000010214b000 'jdk/internal/jrtfs/JrtFileStore'
Event: 22345.503 Thread 0x000002b738031210 Unloading class 0x000000010214a400 'jdk/internal/jrtfs/JrtPath'
Event: 22345.503 Thread 0x000002b738031210 Unloading class 0x000000010214ab08 'jdk/internal/jrtfs/JrtFileSystem'
Event: 22345.503 Thread 0x000002b738031210 Unloading class 0x000000010214a800 'jdk/internal/jrtfs/JrtFileSystemProvider'

Classes redefined (0 events):
No events

Internal exceptions (20 events):
Event: 22345.662 Thread 0x000002b746006e60 Exception <a 'sun/nio/fs/WindowsException'{0x00000000a81a8f60}> (0x00000000a81a8f60) 
thrown [s\src\hotspot\share\prims\jni.cpp, line 535]
Event: 22346.147 Thread 0x000002b750c6b260 Exception <a 'sun/nio/fs/WindowsException'{0x00000000a7815af8}> (0x00000000a7815af8) 
thrown [s\src\hotspot\share\prims\jni.cpp, line 535]
Event: 22346.150 Thread 0x000002b750158170 Exception <a 'sun/nio/fs/WindowsException'{0x00000000a7897410}> (0x00000000a7897410) 
thrown [s\src\hotspot\share\prims\jni.cpp, line 535]
Event: 22346.293 Thread 0x000002b74f0b0a00 Exception <a 'sun/nio/fs/WindowsException'{0x00000000a6582410}> (0x00000000a6582410) 
thrown [s\src\hotspot\share\prims\jni.cpp, line 535]
Event: 22346.293 Thread 0x000002b74f0b0a00 Exception <a 'sun/nio/fs/WindowsException'{0x00000000a6582ed0}> (0x00000000a6582ed0) 
thrown [s\src\hotspot\share\prims\jni.cpp, line 535]
Event: 22346.293 Thread 0x000002b74f0b0a00 Exception <a 'sun/nio/fs/WindowsException'{0x00000000a65839d8}> (0x00000000a65839d8) 
thrown [s\src\hotspot\share\prims\jni.cpp, line 535]
Event: 22346.293 Thread 0x000002b74f0b0a00 Exception <a 'sun/nio/fs/WindowsException'{0x00000000a658bec0}> (0x00000000a658bec0) 
thrown [s\src\hotspot\share\prims\jni.cpp, line 535]
Event: 22346.294 Thread 0x000002b74f0b0a00 Exception <a 'sun/nio/fs/WindowsException'{0x00000000a658c960}> (0x00000000a658c960) 
thrown [s\src\hotspot\share\prims\jni.cpp, line 535]
Event: 22346.294 Thread 0x000002b74f0b0a00 Exception <a 'sun/nio/fs/WindowsException'{0x00000000a658d448}> (0x00000000a658d448) 
thrown [s\src\hotspot\share\prims\jni.cpp, line 535]
Event: 22346.294 Thread 0x000002b74f0b0a00 Exception <a 'sun/nio/fs/WindowsException'{0x00000000a6590b38}> (0x00000000a6590b38) 
thrown [s\src\hotspot\share\prims\jni.cpp, line 535]
Event: 22346.294 Thread 0x000002b74f0b0a00 Exception <a 'sun/nio/fs/WindowsException'{0x00000000a65915f8}> (0x00000000a65915f8) 
thrown [s\src\hotspot\share\prims\jni.cpp, line 535]
Event: 22346.294 Thread 0x000002b74f0b0a00 Exception <a 'sun/nio/fs/WindowsException'{0x00000000a6592118}> (0x00000000a6592118) 
thrown [s\src\hotspot\share\prims\jni.cpp, line 535]
Event: 22346.294 Thread 0x000002b74f0b0a00 Exception <a 'sun/nio/fs/WindowsException'{0x00000000a6597948}> (0x00000000a6597948) 
thrown [s\src\hotspot\share\prims\jni.cpp, line 535]
Event: 22354.401 Thread 0x000002b750c6b260 Exception <a 'sun/nio/fs/WindowsException'{0x00000000a514d188}> (0x00000000a514d188) 
thrown [s\src\hotspot\share\prims\jni.cpp, line 535]
Event: 22354.402 Thread 0x000002b750c6b260 Exception <a 'sun/nio/fs/WindowsException'{0x00000000a514e568}> (0x00000000a514e568) 
thrown [s\src\hotspot\share\prims\jni.cpp, line 535]
Event: 22354.402 Thread 0x000002b750c6b260 Exception <a 'sun/nio/fs/WindowsException'{0x00000000a514f938}> (0x00000000a514f938) 
thrown [s\src\hotspot\share\prims\jni.cpp, line 535]
Event: 22354.402 Thread 0x000002b750c6b260 Exception <a 'sun/nio/fs/WindowsException'{0x00000000a5150d08}> (0x00000000a5150d08) 
thrown [s\src\hotspot\share\prims\jni.cpp, line 535]
Event: 22354.454 Thread 0x000002b750c6b260 Exception <a 'sun/nio/fs/WindowsException'{0x00000000a3f68ad8}> (0x00000000a3f68ad8) 
thrown [s\src\hotspot\share\prims\jni.cpp, line 535]
Event: 22354.455 Thread 0x000002b750c6b260 Exception <a 'sun/nio/fs/WindowsException'{0x00000000a3f6a038}> (0x00000000a3f6a038) 
thrown [s\src\hotspot\share\prims\jni.cpp, line 535]
Event: 22354.455 Thread 0x000002b750c6b260 Exception <a 'sun/nio/fs/WindowsException'{0x00000000a3f6d558}> (0x00000000a3f6d558) 
thrown [s\src\hotspot\share\prims\jni.cpp, line 535]

ZGC Phase Switch (0 events):
No events

VM Operations (20 events):
Event: 22341.277 Executing VM operation: G1TryInitiateConcMark (G1 Humongous Allocation)
Event: 22341.295 Executing VM operation: G1TryInitiateConcMark (G1 Humongous Allocation) done
Event: 22341.517 Executing VM operation: G1PauseRemark
Event: 22341.583 Executing VM operation: G1PauseRemark done
Event: 22341.928 Executing VM operation: G1PauseCleanup
Event: 22341.928 Executing VM operation: G1PauseCleanup done
Event: 22342.928 Executing VM operation: Cleanup
Event: 22342.929 Executing VM operation: Cleanup done
Event: 22343.827 Executing VM operation: G1CollectForAllocation (G1 Evacuation Pause)
Event: 22343.835 Executing VM operation: G1CollectForAllocation (G1 Evacuation Pause) done
Event: 22344.835 Executing VM operation: Cleanup
Event: 22344.835 Executing VM operation: Cleanup done
Event: 22344.973 Executing VM operation: G1CollectForAllocation (G1 Evacuation Pause)
Event: 22344.991 Executing VM operation: G1CollectForAllocation (G1 Evacuation Pause) done
Event: 22345.246 Executing VM operation: G1TryInitiateConcMark (G1 Humongous Allocation)
Event: 22345.256 Executing VM operation: G1TryInitiateConcMark (G1 Humongous Allocation) done
Event: 22345.502 Executing VM operation: G1PauseRemark
Event: 22345.537 Executing VM operation: G1PauseRemark done
Event: 22345.648 Executing VM operation: G1PauseCleanup
Event: 22345.648 Executing VM operation: G1PauseCleanup done

Memory protections (0 events):
No events

Nmethod flushes (20 events):
Event: 22345.532 Thread 0x000002b738031210 flushing  nmethod 0x000002b722ffef10
Event: 22345.532 Thread 0x000002b738031210 flushing  nmethod 0x000002b722fff290
Event: 22345.532 Thread 0x000002b738031210 flushing  nmethod 0x000002b723000b90
Event: 22345.532 Thread 0x000002b738031210 flushing  nmethod 0x000002b723001710
Event: 22345.532 Thread 0x000002b738031210 flushing osr nmethod 0x000002b723001e10
Event: 22345.532 Thread 0x000002b738031210 flushing  nmethod 0x000002b723002610
Event: 22345.532 Thread 0x000002b738031210 flushing  nmethod 0x000002b723003290
Event: 22345.532 Thread 0x000002b738031210 flushing  nmethod 0x000002b723003f90
Event: 22345.532 Thread 0x000002b738031210 flushing  nmethod 0x000002b723004b90
Event: 22345.532 Thread 0x000002b738031210 flushing  nmethod 0x000002b723005190
Event: 22345.532 Thread 0x000002b738031210 flushing  nmethod 0x000002b723005510
Event: 22345.532 Thread 0x000002b738031210 flushing osr nmethod 0x000002b723005a90
Event: 22345.532 Thread 0x000002b738031210 flushing  nmethod 0x000002b723006e10
Event: 22345.532 Thread 0x000002b738031210 flushing  nmethod 0x000002b723007290
Event: 22345.532 Thread 0x000002b738031210 flushing  nmethod 0x000002b723007710
Event: 22345.532 Thread 0x000002b738031210 flushing  nmethod 0x000002b72303ab10
Event: 22345.532 Thread 0x000002b738031210 flushing  nmethod 0x000002b7230f4410
Event: 22345.532 Thread 0x000002b738031210 flushing  nmethod 0x000002b7230fa310
Event: 22345.532 Thread 0x000002b738031210 flushing  nmethod 0x000002b723100d90
Event: 22345.532 Thread 0x000002b738031210 flushing  nmethod 0x000002b723102110

Events (20 events):
Event: 22346.260 Thread 0x000002b73fc222c0 Thread exited: 0x000002b73fc222c0
Event: 22346.260 Thread 0x000002b74f994ae0 Thread exited: 0x000002b74f994ae0
Event: 22346.260 Thread 0x000002b74fd48050 Thread exited: 0x000002b74fd48050
Event: 22346.261 Thread 0x000002b74683b4c0 Thread exited: 0x000002b74683b4c0
Event: 22346.261 Thread 0x000002b74683a7a0 Thread exited: 0x000002b74683a7a0
Event: 22346.263 Thread 0x000002b74683cf00 Thread exited: 0x000002b74683cf00
Event: 22346.267 Thread 0x000002b74f993730 Thread added: 0x000002b74f0b0a00
Event: 22346.267 Thread 0x000002b750c6c610 Thread exited: 0x000002b750c6c610
Event: 22346.268 Thread 0x000002b73f2d9fc0 Thread exited: 0x000002b73f2d9fc0
Event: 22351.268 Thread 0x000002b74b9251f0 Thread exited: 0x000002b74b9251f0
Event: 22354.358 Thread 0x000002b74f993730 Thread added: 0x000002b756d9a430
Event: 22354.362 Thread 0x000002b74f993730 Thread added: 0x000002b756d9aac0
Event: 22354.368 Thread 0x000002b750c6b260 Thread added: 0x000002b7501f72d0
Event: 22354.369 Thread 0x000002b750c6b260 Thread added: 0x000002b7501f5f20
Event: 22354.369 Thread 0x000002b750c6b260 Thread added: 0x000002b7501f44e0
Event: 22354.375 Thread 0x000002b750c6b260 Thread added: 0x000002b7501f65b0
Event: 22354.376 Thread 0x000002b750c6b260 Thread added: 0x000002b7501f4b70
Event: 22354.393 Thread 0x000002b750c6b260 Thread added: 0x000002b7461d2e00
Event: 22354.397 Thread 0x000002b750c6b260 Thread added: 0x000002b7461d0d30
Event: 22354.399 Thread 0x000002b750c6b260 Thread added: 0x000002b7461d3490


Dynamic libraries:
0x00007ff7ec170000 - 0x00007ff7ec17a000 	C:\Program Files\Android\Android Studio\jbr\bin\java.exe
0x00007ff9bc050000 - 0x00007ff9bc248000 	C:\WINDOWS\SYSTEM32\ntdll.dll
0x00007ff9bb840000 - 0x00007ff9bb902000 	C:\WINDOWS\System32\KERNEL32.DLL
0x00007ff9b99b0000 - 0x00007ff9b9caf000 	C:\WINDOWS\System32\KERNELBASE.dll
0x00007ff9b9d00000 - 0x00007ff9b9e00000 	C:\WINDOWS\System32\ucrtbase.dll
0x00007ff992190000 - 0x00007ff9921a8000 	C:\Program Files\Android\Android Studio\jbr\bin\jli.dll
0x00007ff9a9430000 - 0x00007ff9a944b000 	C:\Program Files\Android\Android Studio\jbr\bin\VCRUNTIME140.dll
0x00007ff9bb2b0000 - 0x00007ff9bb44d000 	C:\WINDOWS\System32\USER32.dll
0x00007ff9b9e00000 - 0x00007ff9b9e22000 	C:\WINDOWS\System32\win32u.dll
0x00007ff992840000 - 0x00007ff992ada000 	C:\WINDOWS\WinSxS\amd64_microsoft.windows.common-controls_6595b64144ccf1df_6.0.19041.4355_none_60b8b9eb71f62e16\COMCTL32.dll
0x00007ff9bbf40000 - 0x00007ff9bbf6b000 	C:\WINDOWS\System32\GDI32.dll
0x00007ff9bb910000 - 0x00007ff9bb9ae000 	C:\WINDOWS\System32\msvcrt.dll
0x00007ff9b9f50000 - 0x00007ff9ba06a000 	C:\WINDOWS\System32\gdi32full.dll
0x00007ff9b9850000 - 0x00007ff9b98ed000 	C:\WINDOWS\System32\msvcp_win.dll
0x00007ff9bbee0000 - 0x00007ff9bbf0f000 	C:\WINDOWS\System32\IMM32.DLL
0x00007ff9a8eb0000 - 0x00007ff9a8ebc000 	C:\Program Files\Android\Android Studio\jbr\bin\vcruntime140_1.dll
0x00007ff98faa0000 - 0x00007ff98fb2d000 	C:\Program Files\Android\Android Studio\jbr\bin\msvcp140.dll
0x00007ff977730000 - 0x00007ff9783ba000 	C:\Program Files\Android\Android Studio\jbr\bin\server\jvm.dll
0x00007ff9bb450000 - 0x00007ff9bb4ff000 	C:\WINDOWS\System32\ADVAPI32.dll
0x00007ff9bbf70000 - 0x00007ff9bc00f000 	C:\WINDOWS\System32\sechost.dll
0x00007ff9ba0f0000 - 0x00007ff9ba213000 	C:\WINDOWS\System32\RPCRT4.dll
0x00007ff9b9980000 - 0x00007ff9b99a7000 	C:\WINDOWS\System32\bcrypt.dll
0x00007ff9bb630000 - 0x00007ff9bb69b000 	C:\WINDOWS\System32\WS2_32.dll
0x00007ff9b9550000 - 0x00007ff9b959b000 	C:\WINDOWS\SYSTEM32\POWRPROF.dll
0x00007ff9b47d0000 - 0x00007ff9b47da000 	C:\WINDOWS\SYSTEM32\VERSION.dll
0x00007ff99e9a0000 - 0x00007ff99e9c7000 	C:\WINDOWS\SYSTEM32\WINMM.dll
0x00007ff9b9530000 - 0x00007ff9b9542000 	C:\WINDOWS\SYSTEM32\UMPDC.dll
0x00007ff9b74b0000 - 0x00007ff9b74c2000 	C:\WINDOWS\SYSTEM32\kernel.appcore.dll
0x00007ff9a5a50000 - 0x00007ff9a5a5a000 	C:\Program Files\Android\Android Studio\jbr\bin\jimage.dll
0x00007ff9923e0000 - 0x00007ff9925c4000 	C:\WINDOWS\SYSTEM32\DBGHELP.DLL
0x00007ff9923a0000 - 0x00007ff9923d4000 	C:\WINDOWS\SYSTEM32\dbgcore.DLL
0x00007ff9b98f0000 - 0x00007ff9b9972000 	C:\WINDOWS\System32\bcryptPrimitives.dll
0x00007ff9b6bb0000 - 0x00007ff9b6bbe000 	C:\Program Files\Android\Android Studio\jbr\bin\instrument.dll
0x00007ff978c70000 - 0x00007ff978c90000 	C:\Program Files\Android\Android Studio\jbr\bin\java.dll
0x00007ff978c50000 - 0x00007ff978c68000 	C:\Program Files\Android\Android Studio\jbr\bin\zip.dll
0x00007ff9ba850000 - 0x00007ff9bafbd000 	C:\WINDOWS\System32\SHELL32.dll
0x00007ff9b7790000 - 0x00007ff9b7f34000 	C:\WINDOWS\SYSTEM32\windows.storage.dll
0x00007ff9ba4f0000 - 0x00007ff9ba845000 	C:\WINDOWS\System32\combase.dll
0x00007ff9b9050000 - 0x00007ff9b907f000 	C:\WINDOWS\SYSTEM32\Wldp.dll
0x00007ff9bb500000 - 0x00007ff9bb5cd000 	C:\WINDOWS\System32\OLEAUT32.dll
0x00007ff9bb9b0000 - 0x00007ff9bba5d000 	C:\WINDOWS\System32\SHCORE.dll
0x00007ff9bb5d0000 - 0x00007ff9bb625000 	C:\WINDOWS\System32\shlwapi.dll
0x00007ff9b9620000 - 0x00007ff9b9644000 	C:\WINDOWS\SYSTEM32\profapi.dll
0x00007ff9986c0000 - 0x00007ff9986d0000 	C:\Program Files\Android\Android Studio\jbr\bin\net.dll
0x00007ff9b3140000 - 0x00007ff9b324a000 	C:\WINDOWS\SYSTEM32\WINHTTP.dll
0x00007ff9b8db0000 - 0x00007ff9b8e1c000 	C:\WINDOWS\system32\mswsock.dll
0x00007ff978c30000 - 0x00007ff978c46000 	C:\Program Files\Android\Android Studio\jbr\bin\nio.dll
0x00007ff978c20000 - 0x00007ff978c30000 	C:\Program Files\Android\Android Studio\jbr\bin\verify.dll
0x00007ff9b4890000 - 0x00007ff9b48b7000 	C:\Users\ANDROID\.gradle\native\c067742578af261105cb4f569cf0c3c89f3d7b1fecec35dd04571415982c5e48\windows-amd64\native-platform.dll
0x00007ff941060000 - 0x00007ff9411a4000 	C:\Users\ANDROID\.gradle\native\100fb08df4bc3b14c8652ba06237920a3bd2aa13389f12d3474272988ae205f9\windows-amd64\native-platform-file-events.dll
0x00007ff98b250000 - 0x00007ff98b259000 	C:\Program Files\Android\Android Studio\jbr\bin\management.dll
0x00007ff981500000 - 0x00007ff98150b000 	C:\Program Files\Android\Android Studio\jbr\bin\management_ext.dll
0x00007ff9bbf10000 - 0x00007ff9bbf18000 	C:\WINDOWS\System32\PSAPI.DLL
0x00007ff9b8fb0000 - 0x00007ff9b8fc8000 	C:\WINDOWS\SYSTEM32\CRYPTSP.dll
0x00007ff9b86d0000 - 0x00007ff9b8704000 	C:\WINDOWS\system32\rsaenh.dll
0x00007ff9b95e0000 - 0x00007ff9b960e000 	C:\WINDOWS\SYSTEM32\USERENV.dll
0x00007ff9b8fa0000 - 0x00007ff9b8fac000 	C:\WINDOWS\SYSTEM32\CRYPTBASE.dll
0x00007ff9b8a90000 - 0x00007ff9b8acb000 	C:\WINDOWS\SYSTEM32\IPHLPAPI.DLL
0x00007ff9ba070000 - 0x00007ff9ba078000 	C:\WINDOWS\System32\NSI.dll
0x00007ff992210000 - 0x00007ff992219000 	C:\Program Files\Android\Android Studio\jbr\bin\extnet.dll
0x00007ff998580000 - 0x00007ff998587000 	C:\WINDOWS\system32\wshunix.dll
0x00007ff9b6bd0000 - 0x00007ff9b6bd7000 	C:\Program Files\Android\Android Studio\jbr\bin\rmi.dll
0x00007ff9b8920000 - 0x00007ff9b8953000 	C:\WINDOWS\SYSTEM32\ntmarta.dll

dbghelp: loaded successfully - version: 4.0.5 - missing functions: none
symbol engine: initialized successfully - sym options: 0x614 - pdb path: .;C:\Program Files\Android\Android Studio\jbr\bin;C:\WINDOWS\SYSTEM32;C:\WINDOWS\WinSxS\amd64_microsoft.windows.common-controls_6595b64144ccf1df_6.0.19041.4355_none_60b8b9eb71f62e16;C:\Program Files\Android\Android Studio\jbr\bin\server;C:\Users\ANDROID\.gradle\native\c067742578af261105cb4f569cf0c3c89f3d7b1fecec35dd04571415982c5e48\windows-amd64;C:\Users\ANDROID\.gradle\native\100fb08df4bc3b14c8652ba06237920a3bd2aa13389f12d3474272988ae205f9\windows-amd64

VM Arguments:
jvm_args: --add-opens=java.base/java.util=ALL-UNNAMED --add-opens=java.base/java.lang=ALL-UNNAMED --add-opens=java.base/java.lang.invoke=ALL-UNNAMED --add-opens=java.prefs/java.util.prefs=ALL-UNNAMED --add-exports=jdk.compiler/com.sun.tools.javac.api=ALL-UNNAMED --add-exports=jdk.compiler/com.sun.tools.javac.util=ALL-UNNAMED --add-opens=java.base/java.nio.charset=ALL-UNNAMED --add-opens=java.base/java.net=ALL-UNNAMED --add-opens=java.base/java.util.concurrent.atomic=ALL-UNNAMED -Xmx2048m -Dfile.encoding=UTF-8 -Duser.country=IN -Duser.language=en -Duser.variant -javaagent:C:\Users\ANDROID\.gradle\wrapper\dists\gradle-8.10.2-bin\a04bxjujx95o3nb99gddekhwo\gradle-8.10.2\lib\agents\gradle-instrumentation-agent-8.10.2.jar 
java_command: org.gradle.launcher.daemon.bootstrap.GradleDaemon 8.10.2
java_class_path (initial): C:\Users\ANDROID\.gradle\wrapper\dists\gradle-8.10.2-bin\a04bxjujx95o3nb99gddekhwo\gradle-8.10.2\lib\gradle-daemon-main-8.10.2.jar
Launcher Type: SUN_STANDARD

[Global flags]
     intx CICompilerCount                          = 4                                         {product} {ergonomic}
     uint ConcGCThreads                            = 2                                         {product} {ergonomic}
     uint G1ConcRefinementThreads                  = 8                                         {product} {ergonomic}
   size_t G1HeapRegionSize                         = 1048576                                   {product} {ergonomic}
    uintx GCDrainStackTargetSize                   = 64                                        {product} {ergonomic}
   size_t InitialHeapSize                          = 266338304                                 {product} {ergonomic}
   size_t MarkStackSize                            = 4194304                                   {product} {ergonomic}
   size_t MaxHeapSize                              = 2147483648                                {product} {command line}
   size_t MaxNewSize                               = 1287651328                                {product} {ergonomic}
   size_t MinHeapDeltaBytes                        = 1048576                                   {product} {ergonomic}
   size_t MinHeapSize                              = 8388608                                   {product} {ergonomic}
    uintx NonNMethodCodeHeapSize                   = 5839372                                {pd product} {ergonomic}
    uintx NonProfiledCodeHeapSize                  = 122909434                              {pd product} {ergonomic}
    uintx ProfiledCodeHeapSize                     = 122909434                              {pd product} {ergonomic}
    uintx ReservedCodeCacheSize                    = 251658240                              {pd product} {ergonomic}
     bool SegmentedCodeCache                       = true                                      {product} {ergonomic}
   size_t SoftMaxHeapSize                          = 2147483648                             {manageable} {ergonomic}
     bool UseCompressedOops                        = true                           {product lp64_product} {ergonomic}
     bool UseG1GC                                  = true                                      {product} {ergonomic}
     bool UseLargePagesIndividualAllocation        = false                                  {pd product} {ergonomic}

Logging:
Log output configuration:
 #0: stdout all=warning uptime,level,tags foldmultilines=false
 #1: stderr all=off uptime,level,tags foldmultilines=false

Environment Variables:
PATH=C:\WINDOWS\system32;C:\WINDOWS;C:\WINDOWS\System32\Wbem;C:\WINDOWS\System32\WindowsPowerShell\v1.0\;C:\WINDOWS\System32\OpenSSH\;C:\Program Files\Microsoft SQL Server\110\Tools\Binn\;C:\Program Files (x86)\Microsoft SQL Server\110\Tools\Binn\;C:\Program Files\Microsoft SQL Server\110\DTS\Binn\;C:\Program Files (x86)\Microsoft SQL Server\110\Tools\Binn\ManagementStudio\;C:\Program Files (x86)\Microsoft Visual Studio 10.0\Common7\IDE\PrivateAssemblies\;C:\Program Files (x86)\Microsoft SQL Server\110\DTS\Binn\;C:\Program Files (x86)\Microsoft SQL Server\160\DTS\Binn\;C:\Program Files\Azure Data Studio\bin;C:\Program Files\Microsoft SQL Server\130\Tools\Binn\;C:\Program Files\Git\cmd;C:\Users\ANDROID\AppData\Local\Microsoft\WindowsApps;;C:\Program Files\Azure Data Studio\bin
USERNAME=ANDROID
OS=Windows_NT
PROCESSOR_IDENTIFIER=Intel64 Family 6 Model 165 Stepping 3, GenuineIntel
TMP=C:\Users\ANDROID\AppData\Local\Temp
TEMP=C:\Users\ANDROID\AppData\Local\Temp




Periodic native trim disabled

JNI global refs:
JNI global refs: 29, weak refs: 3

JNI global refs memory usage: 835, weak refs: 1025

Process memory usage:
Resident Set Size: 1194456K (7% of 16585124K total physical memory with 787872K free physical memory)

OOME stack traces (most recent first):
Classloader memory used:
Loader org.gradle.internal.classloader.VisitableURLClassLoader                         : 108M
Loader org.gradle.internal.classloader.VisitableURLClassLoader$InstrumentingVisitableURLClassLoader: 80153K
Loader bootstrap                                                                       : 35779K
Loader org.gradle.initialization.MixInLegacyTypesClassLoader                           : 16135K
Loader jdk.internal.loader.ClassLoaders$AppClassLoader                                 : 10676K
Loader org.gradle.internal.classloader.VisitableURLClassLoader                         : 8855K
Loader java.net.URLClassLoader                                                         : 2771K
Loader jdk.internal.reflect.DelegatingClassLoader                                      : 1200K
Loader jdk.internal.loader.ClassLoaders$PlatformClassLoader                            : 813K
Loader jdk.internal.jrtfs.JrtFileSystemProvider$JrtFsLoader                            : 641K
Loader org.gradle.groovy.scripts.internal.DefaultScriptCompilationHandler$ScriptClassLoader: 88744B
Loader org.codehaus.groovy.runtime.callsite.CallSiteClassLoader                        : 56672B
Loader sun.reflect.misc.MethodUtil                                                     : 2952B


[error occurred during error reporting (Classloader stats), id 0xe0000001, Out of Memory Error (s\src\hotspot\share\memory\arena.cpp:168)]
---------------  S Y S T E M  ---------------

OS:
 Windows 10 , 64 bit Build 19041 (10.0.19041.5438)
OS uptime: 0 days 7:33 hours

CPU: total 8 (initial active 8) (4 cores per cpu, 2 threads per core) family 6 model 165 stepping 3 microcode 0xe0, cx8, cmov, fxsr, ht, mmx, 3dnowpref, sse, sse2, sse3, ssse3, sse4.1, sse4.2, popcnt, lzcnt, tsc, tscinvbit, avx, avx2, aes, erms, clmul, bmi1, bmi2, adx, fma, vzeroupper, clflush, clflushopt, rdtscp, f16c
Processor Information for all 8 processors :
  Max Mhz: 3696, Current Mhz: 3696, Mhz Limit: 3696

Memory: 4k page, system-wide physical 16196M (765M free)
TotalPageFile size 27520M (AvailPageFile size 0M)
current process WorkingSet (physical memory assigned to process): 1169M, peak: 1275M
current process commit charge ("private bytes"): 1387M, peak: 1439M

vm_info: OpenJDK 64-Bit Server VM (21.0.5+-12932927-b750.29) for windows-amd64 JRE (21.0.5+-12932927-b750.29), built on 2025-01-17T02:01:10Z by "builder" with MS VC++ 16.10 / 16.11 (VS2019)

END.
